Price,Bids++,Asks++,Bid_Depth,Ask_Depth,Min_Bid_Ask,Selector_MCV,ln0_MCV,Bid_Surplus,Ask_Surplus,Abs_Delta,Check_on_Delta,S_Delta,Selector_MCI,MCV,Cliff_Value,Slack,Is_MCV_Tie,Is_Min_Delta,Clearing_Price
70,52,74,99467,74,74,0,0,99393,0,99393,0,0,0,55940,0,55866,0,0,497
71,48,82,99415,156,156,0,0,99259,0,99259,0,0,0,55940,0,55784,0,0,497
72,53,76,99367,232,232,0,0,99135,0,99135,0,0,0,55940,0,55708,0,0,497
73,52,77,99314,309,309,0,0,99005,0,99005,0,0,0,55940,0,55631,0,0,497
74,45,86,99262,395,395,0,0,98867,0,98867,0,0,0,55940,0,55545,0,0,497
75,55,82,99217,477,477,0,0,98740,0,98740,0,0,0,55940,0,55463,0,0,497
76,53,93,99162,570,570,0,0,98592,0,98592,0,0,0,55940,0,55370,0,0,497
77,54,81,99109,651,651,0,0,98458,0,98458,0,0,0,55940,0,55289,0,0,497
78,46,90,99055,741,741,0,0,98314,0,98314,0,0,0,55940,0,55199,0,0,497
79,50,84,99009,825,825,0,0,98184,0,98184,0,0,0,55940,0,55115,0,0,497
80,49,89,98959,914,914,0,0,98045,0,98045,0,0,0,55940,0,55026,0,0,497
81,56,88,98910,1002,1002,0,0,97908,0,97908,0,0,0,55940,0,54938,0,0,497
82,53,86,98854,1088,1088,0,0,97766,0,97766,0,0,0,55940,0,54852,0,0,497
83,55,96,98801,1184,1184,0,0,97617,0,97617,0,0,0,55940,0,54756,0,0,497
84,51,83,98746,1267,1267,0,0,97479,0,97479,0,0,0,55940,0,54673,0,0,497
85,49,80,98695,1347,1347,0,0,97348,0,97348,0,0,0,55940,0,54593,0,0,497
86,53,91,98646,1438,1438,0,0,97208,0,97208,0,0,0,55940,0,54502,0,0,497
87,47,95,98593,1533,1533,0,0,97060,0,97060,0,0,0,55940,0,54407,0,0,497
88,57,78,98546,1611,1611,0,0,96935,0,96935,0,0,0,55940,0,54329,0,0,497
89,55,87,98489,1698,1698,0,0,96791,0,96791,0,0,0,55940,0,54242,0,0,497
90,56,97,98434,1795,1795,0,0,96639,0,96639,0,0,0,55940,0,54145,0,0,497
91,51,94,98378,1889,1889,0,0,96489,0,96489,0,0,0,55940,0,54051,0,0,497
92,60,100,98327,1989,1989,0,0,96338,0,96338,0,0,0,55940,0,53951,0,0,497
93,59,90,98267,2079,2079,0,0,96188,0,96188,0,0,0,55940,0,53861,0,0,497
94,58,93,98208,2172,2172,0,0,96036,0,96036,0,0,0,55940,0,53768,0,0,497
95,50,86,98150,2258,2258,0,0,95892,0,95892,0,0,0,55940,0,53682,0,0,497
96,54,100,98100,2358,2358,0,0,95742,0,95742,0,0,0,55940,0,53582,0,0,497
97,49,88,98046,2446,2446,0,0,95600,0,95600,0,0,0,55940,0,53494,0,0,497
98,50,96,97997,2542,2542,0,0,95455,0,95455,0,0,0,55940,0,53398,0,0,497
99,58,89,97947,2631,2631,0,0,95316,0,95316,0,0,0,55940,0,53309,0,0,497
100,59,93,97889,2724,2724,0,0,95165,0,95165,0,0,0,55940,0,53216,0,0,497
101,62,97,97830,2821,2821,0,0,95009,0,95009,0,0,0,55940,0,53119,0,0,497
102,54,92,97768,2913,2913,0,0,94855,0,94855,0,0,0,55940,0,53027,0,0,497
103,54,101,97714,3014,3014,0,0,94700,0,94700,0,0,0,55940,0,52926,0,0,497
104,56,91,97660,3105,3105,0,0,94555,0,94555,0,0,0,55940,0,52835,0,0,497
105,52,96,97604,3201,3201,0,0,94403,0,94403,0,0,0,55940,0,52739,0,0,497
106,52,90,97552,3291,3291,0,0,94261,0,94261,0,0,0,55940,0,52649,0,0,497
107,57,91,97500,3382,3382,0,0,94118,0,94118,0,0,0,55940,0,52558,0,0,497
108,54,92,97443,3474,3474,0,0,93969,0,93969,0,0,0,55940,0,52466,0,0,497
109,60,86,97389,3560,3560,0,0,93829,0,93829,0,0,0,55940,0,52380,0,0,497
110,57,85,97329,3645,3645,0,0,93684,0,93684,0,0,0,55940,0,52295,0,0,497
111,63,98,97272,3743,3743,0,0,93529,0,93529,0,0,0,55940,0,52197,0,0,497
112,61,99,97209,3842,3842,0,0,93367,0,93367,0,0,0,55940,0,52098,0,0,497
113,56,99,97148,3941,3941,0,0,93207,0,93207,0,0,0,55940,0,51999,0,0,497
114,64,85,97092,4026,4026,0,0,93066,0,93066,0,0,0,55940,0,51914,0,0,497
115,63,92,97028,4118,4118,0,0,92910,0,92910,0,0,0,55940,0,51822,0,0,497
116,58,89,96965,4207,4207,0,0,92758,0,92758,0,0,0,55940,0,51733,0,0,497
117,57,103,96907,4310,4310,0,0,92597,0,92597,0,0,0,55940,0,51630,0,0,497
118,62,105,96850,4415,4415,0,0,92435,0,92435,0,0,0,55940,0,51525,0,0,497
119,55,91,96788,4506,4506,0,0,92282,0,92282,0,0,0,55940,0,51434,0,0,497
120,56,101,96733,4607,4607,0,0,92126,0,92126,0,0,0,55940,0,51333,0,0,497
121,53,89,96677,4696,4696,0,0,91981,0,91981,0,0,0,55940,0,51244,0,0,497
122,65,93,96624,4789,4789,0,0,91835,0,91835,0,0,0,55940,0,51151,0,0,497
123,63,90,96559,4879,4879,0,0,91680,0,91680,0,0,0,55940,0,51061,0,0,497
124,64,93,96496,4972,4972,0,0,91524,0,91524,0,0,0,55940,0,50968,0,0,497
125,66,103,96432,5075,5075,0,0,91357,0,91357,0,0,0,55940,0,50865,0,0,497
126,61,109,96366,5184,5184,0,0,91182,0,91182,0,0,0,55940,0,50756,0,0,497
127,63,92,96305,5276,5276,0,0,91029,0,91029,0,0,0,55940,0,50664,0,0,497
128,57,101,96242,5377,5377,0,0,90865,0,90865,0,0,0,55940,0,50563,0,0,497
129,57,105,96185,5482,5482,0,0,90703,0,90703,0,0,0,55940,0,50458,0,0,497
130,65,111,96128,5593,5593,0,0,90535,0,90535,0,0,0,55940,0,50347,0,0,497
131,63,103,96063,5696,5696,0,0,90367,0,90367,0,0,0,55940,0,50244,0,0,497
132,64,95,96000,5791,5791,0,0,90209,0,90209,0,0,0,55940,0,50149,0,0,497
133,68,104,95936,5895,5895,0,0,90041,0,90041,0,0,0,55940,0,50045,0,0,497
134,66,97,95868,5992,5992,0,0,89876,0,89876,0,0,0,55940,0,49948,0,0,497
135,65,113,95802,6105,6105,0,0,89697,0,89697,0,0,0,55940,0,49835,0,0,497
136,65,100,95737,6205,6205,0,0,89532,0,89532,0,0,0,55940,0,49735,0,0,497
137,62,107,95672,6312,6312,0,0,89360,0,89360,0,0,0,55940,0,49628,0,0,497
138,58,91,95610,6403,6403,0,0,89207,0,89207,0,0,0,55940,0,49537,0,0,497
139,64,100,95552,6503,6503,0,0,89049,0,89049,0,0,0,55940,0,49437,0,0,497
140,61,112,95488,6615,6615,0,0,88873,0,88873,0,0,0,55940,0,49325,0,0,497
141,64,106,95427,6721,6721,0,0,88706,0,88706,0,0,0,55940,0,49219,0,0,497
142,72,102,95363,6823,6823,0,0,88540,0,88540,0,0,0,55940,0,49117,0,0,497
143,62,115,95291,6938,6938,0,0,88353,0,88353,0,0,0,55940,0,49002,0,0,497
144,59,113,95229,7051,7051,0,0,88178,0,88178,0,0,0,55940,0,48889,0,0,497
145,63,100,95170,7151,7151,0,0,88019,0,88019,0,0,0,55940,0,48789,0,0,497
146,64,106,95107,7257,7257,0,0,87850,0,87850,0,0,0,55940,0,48683,0,0,497
147,70,105,95043,7362,7362,0,0,87681,0,87681,0,0,0,55940,0,48578,0,0,497
148,68,109,94973,7471,7471,0,0,87502,0,87502,0,0,0,55940,0,48469,0,0,497
149,72,102,94905,7573,7573,0,0,87332,0,87332,0,0,0,55940,0,48367,0,0,497
150,71,100,94833,7673,7673,0,0,87160,0,87160,0,0,0,55940,0,48267,0,0,497
151,67,117,94762,7790,7790,0,0,86972,0,86972,0,0,0,55940,0,48150,0,0,497
152,74,118,94695,7908,7908,0,0,86787,0,86787,0,0,0,55940,0,48032,0,0,497
153,63,116,94621,8024,8024,0,0,86597,0,86597,0,0,0,55940,0,47916,0,0,497
154,61,120,94558,8144,8144,0,0,86414,0,86414,0,0,0,55940,0,47796,0,0,497
155,63,114,94497,8258,8258,0,0,86239,0,86239,0,0,0,55940,0,47682,0,0,497
156,73,115,94434,8373,8373,0,0,86061,0,86061,0,0,0,55940,0,47567,0,0,497
157,69,115,94361,8488,8488,0,0,85873,0,85873,0,0,0,55940,0,47452,0,0,497
158,64,108,94292,8596,8596,0,0,85696,0,85696,0,0,0,55940,0,47344,0,0,497
159,70,108,94228,8704,8704,0,0,85524,0,85524,0,0,0,55940,0,47236,0,0,497
160,65,102,94158,8806,8806,0,0,85352,0,85352,0,0,0,55940,0,47134,0,0,497
161,74,113,94093,8919,8919,0,0,85174,0,85174,0,0,0,55940,0,47021,0,0,497
162,70,104,94019,9023,9023,0,0,84996,0,84996,0,0,0,55940,0,46917,0,0,497
163,69,103,93949,9126,9126,0,0,84823,0,84823,0,0,0,55940,0,46814,0,0,497
164,68,112,93880,9238,9238,0,0,84642,0,84642,0,0,0,55940,0,46702,0,0,497
165,74,108,93812,9346,9346,0,0,84466,0,84466,0,0,0,55940,0,46594,0,0,497
166,70,103,93738,9449,9449,0,0,84289,0,84289,0,0,0,55940,0,46491,0,0,497
167,65,119,93668,9568,9568,0,0,84100,0,84100,0,0,0,55940,0,46372,0,0,497
168,66,121,93603,9689,9689,0,0,83914,0,83914,0,0,0,55940,0,46251,0,0,497
169,81,103,93537,9792,9792,0,0,83745,0,83745,0,0,0,55940,0,46148,0,0,497
170,81,99,93456,9891,9891,0,0,83565,0,83565,0,0,0,55940,0,46049,0,0,497
171,77,108,93375,9999,9999,0,0,83376,0,83376,0,0,0,55940,0,45941,0,0,497
172,70,120,93298,10119,10119,0,0,83179,0,83179,0,0,0,55940,0,45821,0,0,497
173,83,122,93228,10241,10241,0,0,82987,0,82987,0,0,0,55940,0,45699,0,0,497
174,79,103,93145,10344,10344,0,0,82801,0,82801,0,0,0,55940,0,45596,0,0,497
175,79,121,93066,10465,10465,0,0,82601,0,82601,0,0,0,55940,0,45475,0,0,497
176,74,103,92987,10568,10568,0,0,82419,0,82419,0,0,0,55940,0,45372,0,0,497
177,71,111,92913,10679,10679,0,0,82234,0,82234,0,0,0,55940,0,45261,0,0,497
178,68,128,92842,10807,10807,0,0,82035,0,82035,0,0,0,55940,0,45133,0,0,497
179,83,106,92774,10913,10913,0,0,81861,0,81861,0,0,0,55940,0,45027,0,0,497
180,75,105,92691,11018,11018,0,0,81673,0,81673,0,0,0,55940,0,44922,0,0,497
181,71,113,92616,11131,11131,0,0,81485,0,81485,0,0,0,55940,0,44809,0,0,497
182,73,118,92545,11249,11249,0,0,81296,0,81296,0,0,0,55940,0,44691,0,0,497
183,78,127,92472,11376,11376,0,0,81096,0,81096,0,0,0,55940,0,44564,0,0,497
184,71,129,92394,11505,11505,0,0,80889,0,80889,0,0,0,55940,0,44435,0,0,497
185,84,104,92323,11609,11609,0,0,80714,0,80714,0,0,0,55940,0,44331,0,0,497
186,83,106,92239,11715,11715,0,0,80524,0,80524,0,0,0,55940,0,44225,0,0,497
187,82,125,92156,11840,11840,0,0,80316,0,80316,0,0,0,55940,0,44100,0,0,497
188,77,110,92074,11950,11950,0,0,80124,0,80124,0,0,0,55940,0,43990,0,0,497
189,81,128,91997,12078,12078,0,0,79919,0,79919,0,0,0,55940,0,43862,0,0,497
190,80,122,91916,12200,12200,0,0,79716,0,79716,0,0,0,55940,0,43740,0,0,497
191,82,107,91836,12307,12307,0,0,79529,0,79529,0,0,0,55940,0,43633,0,0,497
192,71,127,91754,12434,12434,0,0,79320,0,79320,0,0,0,55940,0,43506,0,0,497
193,78,109,91683,12543,12543,0,0,79140,0,79140,0,0,0,55940,0,43397,0,0,497
194,71,116,91605,12659,12659,0,0,78946,0,78946,0,0,0,55940,0,43281,0,0,497
195,80,120,91534,12779,12779,0,0,78755,0,78755,0,0,0,55940,0,43161,0,0,497
196,77,119,91454,12898,12898,0,0,78556,0,78556,0,0,0,55940,0,43042,0,0,497
197,74,125,91377,13023,13023,0,0,78354,0,78354,0,0,0,55940,0,42917,0,0,497
198,73,124,91303,13147,13147,0,0,78156,0,78156,0,0,0,55940,0,42793,0,0,497
199,83,134,91230,13281,13281,0,0,77949,0,77949,0,0,0,55940,0,42659,0,0,497
200,75,134,91147,13415,13415,0,0,77732,0,77732,0,0,0,55940,0,42525,0,0,497
201,90,121,91072,13536,13536,0,0,77536,0,77536,0,0,0,55940,0,42404,0,0,497
202,84,109,90982,13645,13645,0,0,77337,0,77337,0,0,0,55940,0,42295,0,0,497
203,79,127,90898,13772,13772,0,0,77126,0,77126,0,0,0,55940,0,42168,0,0,497
204,85,135,90819,13907,13907,0,0,76912,0,76912,0,0,0,55940,0,42033,0,0,497
205,74,116,90734,14023,14023,0,0,76711,0,76711,0,0,0,55940,0,41917,0,0,497
206,92,121,90660,14144,14144,0,0,76516,0,76516,0,0,0,55940,0,41796,0,0,497
207,83,120,90568,14264,14264,0,0,76304,0,76304,0,0,0,55940,0,41676,0,0,497
208,90,109,90485,14373,14373,0,0,76112,0,76112,0,0,0,55940,0,41567,0,0,497
209,76,128,90395,14501,14501,0,0,75894,0,75894,0,0,0,55940,0,41439,0,0,497
210,84,118,90319,14619,14619,0,0,75700,0,75700,0,0,0,55940,0,41321,0,0,497
211,85,131,90235,14750,14750,0,0,75485,0,75485,0,0,0,55940,0,41190,0,0,497
212,94,133,90150,14883,14883,0,0,75267,0,75267,0,0,0,55940,0,41057,0,0,497
213,87,133,90056,15016,15016,0,0,75040,0,75040,0,0,0,55940,0,40924,0,0,497
214,85,121,89969,15137,15137,0,0,74832,0,74832,0,0,0,55940,0,40803,0,0,497
215,81,119,89884,15256,15256,0,0,74628,0,74628,0,0,0,55940,0,40684,0,0,497
216,83,132,89803,15388,15388,0,0,74415,0,74415,0,0,0,55940,0,40552,0,0,497
217,87,134,89720,15522,15522,0,0,74198,0,74198,0,0,0,55940,0,40418,0,0,497
218,85,125,89633,15647,15647,0,0,73986,0,73986,0,0,0,55940,0,40293,0,0,497
219,77,137,89548,15784,15784,0,0,73764,0,73764,0,0,0,55940,0,40156,0,0,497
220,94,115,89471,15899,15899,0,0,73572,0,73572,0,0,0,55940,0,40041,0,0,497
221,96,137,89377,16036,16036,0,0,73341,0,73341,0,0,0,55940,0,39904,0,0,497
222,80,114,89281,16150,16150,0,0,73131,0,73131,0,0,0,55940,0,39790,0,0,497
223,89,116,89201,16266,16266,0,0,72935,0,72935,0,0,0,55940,0,39674,0,0,497
224,80,127,89112,16393,16393,0,0,72719,0,72719,0,0,0,55940,0,39547,0,0,497
225,92,113,89032,16506,16506,0,0,72526,0,72526,0,0,0,55940,0,39434,0,0,497
226,84,113,88940,16619,16619,0,0,72321,0,72321,0,0,0,55940,0,39321,0,0,497
227,93,112,88856,16731,16731,0,0,72125,0,72125,0,0,0,55940,0,39209,0,0,497
228,94,125,88763,16856,16856,0,0,71907,0,71907,0,0,0,55940,0,39084,0,0,497
229,96,136,88669,16992,16992,0,0,71677,0,71677,0,0,0,55940,0,38948,0,0,497
230,82,113,88573,17105,17105,0,0,71468,0,71468,0,0,0,55940,0,38835,0,0,497
231,99,133,88491,17238,17238,0,0,71253,0,71253,0,0,0,55940,0,38702,0,0,497
232,85,138,88392,17376,17376,0,0,71016,0,71016,0,0,0,55940,0,38564,0,0,497
233,81,118,88307,17494,17494,0,0,70813,0,70813,0,0,0,55940,0,38446,0,0,497
234,92,118,88226,17612,17612,0,0,70614,0,70614,0,0,0,55940,0,38328,0,0,497
235,89,140,88134,17752,17752,0,0,70382,0,70382,0,0,0,55940,0,38188,0,0,497
236,99,139,88045,17891,17891,0,0,70154,0,70154,0,0,0,55940,0,38049,0,0,497
237,99,131,87946,18022,18022,0,0,69924,0,69924,0,0,0,55940,0,37918,0,0,497
238,88,140,87847,18162,18162,0,0,69685,0,69685,0,0,0,55940,0,37778,0,0,497
239,103,117,87759,18279,18279,0,0,69480,0,69480,0,0,0,55940,0,37661,0,0,497
240,88,127,87656,18406,18406,0,0,69250,0,69250,0,0,0,55940,0,37534,0,0,497
241,93,138,87568,18544,18544,0,0,69024,0,69024,0,0,0,55940,0,37396,0,0,497
242,88,123,87475,18667,18667,0,0,68808,0,68808,0,0,0,55940,0,37273,0,0,497
243,104,139,87387,18806,18806,0,0,68581,0,68581,0,0,0,55940,0,37134,0,0,497
244,86,131,87283,18937,18937,0,0,68346,0,68346,0,0,0,55940,0,37003,0,0,497
245,84,139,87197,19076,19076,0,0,68121,0,68121,0,0,0,55940,0,36864,0,0,497
246,93,130,87113,19206,19206,0,0,67907,0,67907,0,0,0,55940,0,36734,0,0,497
247,106,128,87020,19334,19334,0,0,67686,0,67686,0,0,0,55940,0,36606,0,0,497
248,104,123,86914,19457,19457,0,0,67457,0,67457,0,0,0,55940,0,36483,0,0,497
249,101,123,86810,19580,19580,0,0,67230,0,67230,0,0,0,55940,0,36360,0,0,497
250,105,140,86709,19720,19720,0,0,66989,0,66989,0,0,0,55940,0,36220,0,0,497
251,105,121,86604,19841,19841,0,0,66763,0,66763,0,0,0,55940,0,36099,0,0,497
252,97,120,86499,19961,19961,0,0,66538,0,66538,0,0,0,55940,0,35979,0,0,497
253,92,123,86402,20084,20084,0,0,66318,0,66318,0,0,0,55940,0,35856,0,0,497
254,103,123,86310,20207,20207,0,0,66103,0,66103,0,0,0,55940,0,35733,0,0,497
255,101,144,86207,20351,20351,0,0,65856,0,65856,0,0,0,55940,0,35589,0,0,497
256,94,131,86106,20482,20482,0,0,65624,0,65624,0,0,0,55940,0,35458,0,0,497
257,88,150,86012,20632,20632,0,0,65380,0,65380,0,0,0,55940,0,35308,0,0,497
258,104,123,85924,20755,20755,0,0,65169,0,65169,0,0,0,55940,0,35185,0,0,497
259,93,139,85820,20894,20894,0,0,64926,0,64926,0,0,0,55940,0,35046,0,0,497
260,109,133,85727,21027,21027,0,0,64700,0,64700,0,0,0,55940,0,34913,0,0,497
261,93,131,85618,21158,21158,0,0,64460,0,64460,0,0,0,55940,0,34782,0,0,497
262,90,147,85525,21305,21305,0,0,64220,0,64220,0,0,0,55940,0,34635,0,0,497
263,107,151,85435,21456,21456,0,0,63979,0,63979,0,0,0,55940,0,34484,0,0,497
264,91,148,85328,21604,21604,0,0,63724,0,63724,0,0,0,55940,0,34336,0,0,497
265,92,126,85237,21730,21730,0,0,63507,0,63507,0,0,0,55940,0,34210,0,0,497
266,103,127,85145,21857,21857,0,0,63288,0,63288,0,0,0,55940,0,34083,0,0,497
267,109,141,85042,21998,21998,0,0,63044,0,63044,0,0,0,55940,0,33942,0,0,497
268,93,129,84933,22127,22127,0,0,62806,0,62806,0,0,0,55940,0,33813,0,0,497
269,96,144,84840,22271,22271,0,0,62569,0,62569,0,0,0,55940,0,33669,0,0,497
270,108,139,84744,22410,22410,0,0,62334,0,62334,0,0,0,55940,0,33530,0,0,497
271,113,139,84636,22549,22549,0,0,62087,0,62087,0,0,0,55940,0,33391,0,0,497
272,102,148,84523,22697,22697,0,0,61826,0,61826,0,0,0,55940,0,33243,0,0,497
273,93,144,84421,22841,22841,0,0,61580,0,61580,0,0,0,55940,0,33099,0,0,497
274,90,122,84328,22963,22963,0,0,61365,0,61365,0,0,0,55940,0,32977,0,0,497
275,96,123,84238,23086,23086,0,0,61152,0,61152,0,0,0,55940,0,32854,0,0,497
276,94,141,84142,23227,23227,0,0,60915,0,60915,0,0,0,55940,0,32713,0,0,497
277,108,138,84048,23365,23365,0,0,60683,0,60683,0,0,0,55940,0,32575,0,0,497
278,94,130,83940,23495,23495,0,0,60445,0,60445,0,0,0,55940,0,32445,0,0,497
279,104,136,83846,23631,23631,0,0,60215,0,60215,0,0,0,55940,0,32309,0,0,497
280,109,147,83742,23778,23778,0,0,59964,0,59964,0,0,0,55940,0,32162,0,0,497
281,106,150,83633,23928,23928,0,0,59705,0,59705,0,0,0,55940,0,32012,0,0,497
282,97,141,83527,24069,24069,0,0,59458,0,59458,0,0,0,55940,0,31871,0,0,497
283,112,135,83430,24204,24204,0,0,59226,0,59226,0,0,0,55940,0,31736,0,0,497
284,111,132,83318,24336,24336,0,0,58982,0,58982,0,0,0,55940,0,31604,0,0,497
285,111,140,83207,24476,24476,0,0,58731,0,58731,0,0,0,55940,0,31464,0,0,497
286,96,134,83096,24610,24610,0,0,58486,0,58486,0,0,0,55940,0,31330,0,0,497
287,96,142,83000,24752,24752,0,0,58248,0,58248,0,0,0,55940,0,31188,0,0,497
288,117,146,82904,24898,24898,0,0,58006,0,58006,0,0,0,55940,0,31042,0,0,497
289,104,126,82787,25024,25024,0,0,57763,0,57763,0,0,0,55940,0,30916,0,0,497
290,102,124,82683,25148,25148,0,0,57535,0,57535,0,0,0,55940,0,30792,0,0,497
291,107,131,82581,25279,25279,0,0,57302,0,57302,0,0,0,55940,0,30661,0,0,497
292,111,154,82474,25433,25433,0,0,57041,0,57041,0,0,0,55940,0,30507,0,0,497
293,119,146,82363,25579,25579,0,0,56784,0,56784,0,0,0,55940,0,30361,0,0,497
294,102,130,82244,25709,25709,0,0,56535,0,56535,0,0,0,55940,0,30231,0,0,497
295,119,155,82142,25864,25864,0,0,56278,0,56278,0,0,0,55940,0,30076,0,0,497
296,96,141,82023,26005,26005,0,0,56018,0,56018,0,0,0,55940,0,29935,0,0,497
297,110,141,81927,26146,26146,0,0,55781,0,55781,0,0,0,55940,0,29794,0,0,497
298,112,157,81817,26303,26303,0,0,55514,0,55514,0,0,0,55940,0,29637,0,0,497
299,99,127,81705,26430,26430,0,0,55275,0,55275,0,0,0,55940,0,29510,0,0,497
300,100,133,81606,26563,26563,0,0,55043,0,55043,0,0,0,55940,0,29377,0,0,497
301,108,145,81506,26708,26708,0,0,54798,0,54798,0,0,0,55940,0,29232,0,0,497
302,122,132,81398,26840,26840,0,0,54558,0,54558,0,0,0,55940,0,29100,0,0,497
303,113,149,81276,26989,26989,0,0,54287,0,54287,0,0,0,55940,0,28951,0,0,497
304,122,133,81163,27122,27122,0,0,54041,0,54041,0,0,0,55940,0,28818,0,0,497
305,119,129,81041,27251,27251,0,0,53790,0,53790,0,0,0,55940,0,28689,0,0,497
306,110,133,80922,27384,27384,0,0,53538,0,53538,0,0,0,55940,0,28556,0,0,497
307,119,141,80812,27525,27525,0,0,53287,0,53287,0,0,0,55940,0,28415,0,0,497
308,99,132,80693,27657,27657,0,0,53036,0,53036,0,0,0,55940,0,28283,0,0,497
309,101,131,80594,27788,27788,0,0,52806,0,52806,0,0,0,55940,0,28152,0,0,497
310,121,156,80493,27944,27944,0,0,52549,0,52549,0,0,0,55940,0,27996,0,0,497
311,120,138,80372,28082,28082,0,0,52290,0,52290,0,0,0,55940,0,27858,0,0,497
312,105,139,80252,28221,28221,0,0,52031,0,52031,0,0,0,55940,0,27719,0,0,497
313,114,129,80147,28350,28350,0,0,51797,0,51797,0,0,0,55940,0,27590,0,0,497
314,116,140,80033,28490,28490,0,0,51543,0,51543,0,0,0,55940,0,27450,0,0,497
315,123,137,79917,28627,28627,0,0,51290,0,51290,0,0,0,55940,0,27313,0,0,497
316,116,149,79794,28776,28776,0,0,51018,0,51018,0,0,0,55940,0,27164,0,0,497
317,111,135,79678,28911,28911,0,0,50767,0,50767,0,0,0,55940,0,27029,0,0,497
318,111,159,79567,29070,29070,0,0,50497,0,50497,0,0,0,55940,0,26870,0,0,497
319,112,160,79456,29230,29230,0,0,50226,0,50226,0,0,0,55940,0,26710,0,0,497
320,119,131,79344,29361,29361,0,0,49983,0,49983,0,0,0,55940,0,26579,0,0,497
321,125,132,79225,29493,29493,0,0,49732,0,49732,0,0,0,55940,0,26447,0,0,497
322,114,132,79100,29625,29625,0,0,49475,0,49475,0,0,0,55940,0,26315,0,0,497
323,108,150,78986,29775,29775,0,0,49211,0,49211,0,0,0,55940,0,26165,0,0,497
324,108,133,78878,29908,29908,0,0,48970,0,48970,0,0,0,55940,0,26032,0,0,497
325,123,158,78770,30066,30066,0,0,48704,0,48704,0,0,0,55940,0,25874,0,0,497
326,125,155,78647,30221,30221,0,0,48426,0,48426,0,0,0,55940,0,25719,0,0,497
327,105,158,78522,30379,30379,0,0,48143,0,48143,0,0,0,55940,0,25561,0,0,497
328,104,147,78417,30526,30526,0,0,47891,0,47891,0,0,0,55940,0,25414,0,0,497
329,120,164,78313,30690,30690,0,0,47623,0,47623,0,0,0,55940,0,25250,0,0,497
330,107,131,78193,30821,30821,0,0,47372,0,47372,0,0,0,55940,0,25119,0,0,497
331,126,143,78086,30964,30964,0,0,47122,0,47122,0,0,0,55940,0,24976,0,0,497
332,112,141,77960,31105,31105,0,0,46855,0,46855,0,0,0,55940,0,24835,0,0,497
333,108,163,77848,31268,31268,0,0,46580,0,46580,0,0,0,55940,0,24672,0,0,497
334,130,150,77740,31418,31418,0,0,46322,0,46322,0,0,0,55940,0,24522,0,0,497
335,109,158,77610,31576,31576,0,0,46034,0,46034,0,0,0,55940,0,24364,0,0,497
336,112,136,77501,31712,31712,0,0,45789,0,45789,0,0,0,55940,0,24228,0,0,497
337,109,164,77389,31876,31876,0,0,45513,0,45513,0,0,0,55940,0,24064,0,0,497
338,108,148,77280,32024,32024,0,0,45256,0,45256,0,0,0,55940,0,23916,0,0,497
339,106,148,77172,32172,32172,0,0,45000,0,45000,0,0,0,55940,0,23768,0,0,497
340,107,165,77066,32337,32337,0,0,44729,0,44729,0,0,0,55940,0,23603,0,0,497
341,110,144,76959,32481,32481,0,0,44478,0,44478,0,0,0,55940,0,23459,0,0,497
342,107,144,76849,32625,32625,0,0,44224,0,44224,0,0,0,55940,0,23315,0,0,497
343,123,151,76742,32776,32776,0,0,43966,0,43966,0,0,0,55940,0,23164,0,0,497
344,126,135,76619,32911,32911,0,0,43708,0,43708,0,0,0,55940,0,23029,0,0,497
345,118,142,76493,33053,33053,0,0,43440,0,43440,0,0,0,55940,0,22887,0,0,497
346,116,138,76375,33191,33191,0,0,43184,0,43184,0,0,0,55940,0,22749,0,0,497
347,121,134,76259,33325,33325,0,0,42934,0,42934,0,0,0,55940,0,22615,0,0,497
348,132,162,76138,33487,33487,0,0,42651,0,42651,0,0,0,55940,0,22453,0,0,497
349,132,152,76006,33639,33639,0,0,42367,0,42367,0,0,0,55940,0,22301,0,0,497
350,109,144,75874,33783,33783,0,0,42091,0,42091,0,0,0,55940,0,22157,0,0,497
351,113,146,75765,33929,33929,0,0,41836,0,41836,0,0,0,55940,0,22011,0,0,497
352,115,147,75652,34076,34076,0,0,41576,0,41576,0,0,0,55940,0,21864,0,0,497
353,115,154,75537,34230,34230,0,0,41307,0,41307,0,0,0,55940,0,21710,0,0,497
354,125,165,75422,34395,34395,0,0,41027,0,41027,0,0,0,55940,0,21545,0,0,497
355,121,165,75297,34560,34560,0,0,40737,0,40737,0,0,0,55940,0,21380,0,0,497
356,110,146,75176,34706,34706,0,0,40470,0,40470,0,0,0,55940,0,21234,0,0,497
357,120,143,75066,34849,34849,0,0,40217,0,40217,0,0,0,55940,0,21091,0,0,497
358,124,148,74946,34997,34997,0,0,39949,0,39949,0,0,0,55940,0,20943,0,0,497
359,112,152,74822,35149,35149,0,0,39673,0,39673,0,0,0,55940,0,20791,0,0,497
360,134,148,74710,35297,35297,0,0,39413,0,39413,0,0,0,55940,0,20643,0,0,497
361,111,156,74576,35453,35453,0,0,39123,0,39123,0,0,0,55940,0,20487,0,0,497
362,137,152,74465,35605,35605,0,0,38860,0,38860,0,0,0,55940,0,20335,0,0,497
363,113,144,74328,35749,35749,0,0,38579,0,38579,0,0,0,55940,0,20191,0,0,497
364,135,145,74215,35894,35894,0,0,38321,0,38321,0,0,0,55940,0,20046,0,0,497
365,137,146,74080,36040,36040,0,0,38040,0,38040,0,0,0,55940,0,19900,0,0,497
366,140,136,73943,36176,36176,0,0,37767,0,37767,0,0,0,55940,0,19764,0,0,497
367,135,138,73803,36314,36314,0,0,37489,0,37489,0,0,0,55940,0,19626,0,0,497
368,134,158,73668,36472,36472,0,0,37196,0,37196,0,0,0,55940,0,19468,0,0,497
369,130,146,73534,36618,36618,0,0,36916,0,36916,0,0,0,55940,0,19322,0,0,497
370,135,140,73404,36758,36758,0,0,36646,0,36646,0,0,0,55940,0,19182,0,0,497
371,116,153,73269,36911,36911,0,0,36358,0,36358,0,0,0,55940,0,19029,0,0,497
372,128,160,73153,37071,37071,0,0,36082,0,36082,0,0,0,55940,0,18869,0,0,497
373,127,142,73025,37213,37213,0,0,35812,0,35812,0,0,0,55940,0,18727,0,0,497
374,138,163,72898,37376,37376,0,0,35522,0,35522,0,0,0,55940,0,18564,0,0,497
375,126,166,72760,37542,37542,0,0,35218,0,35218,0,0,0,55940,0,18398,0,0,497
376,124,154,72634,37696,37696,0,0,34938,0,34938,0,0,0,55940,0,18244,0,0,497
377,132,157,72510,37853,37853,0,0,34657,0,34657,0,0,0,55940,0,18087,0,0,497
378,121,135,72378,37988,37988,0,0,34390,0,34390,0,0,0,55940,0,17952,0,0,497
379,117,167,72257,38155,38155,0,0,34102,0,34102,0,0,0,55940,0,17785,0,0,497
380,128,147,72140,38302,38302,0,0,33838,0,33838,0,0,0,55940,0,17638,0,0,497
381,126,166,72012,38468,38468,0,0,33544,0,33544,0,0,0,55940,0,17472,0,0,497
382,121,154,71886,38622,38622,0,0,33264,0,33264,0,0,0,55940,0,17318,0,0,497
383,125,133,71765,38755,38755,0,0,33010,0,33010,0,0,0,55940,0,17185,0,0,497
384,125,135,71640,38890,38890,0,0,32750,0,32750,0,0,0,55940,0,17050,0,0,497
385,124,158,71515,39048,39048,0,0,32467,0,32467,0,0,0,55940,0,16892,0,0,497
386,126,154,71391,39202,39202,0,0,32189,0,32189,0,0,0,55940,0,16738,0,0,497
387,136,134,71265,39336,39336,0,0,31929,0,31929,0,0,0,55940,0,16604,0,0,497
388,124,160,71129,39496,39496,0,0,31633,0,31633,0,0,0,55940,0,16444,0,0,497
389,144,164,71005,39660,39660,0,0,31345,0,31345,0,0,0,55940,0,16280,0,0,497
390,144,151,70861,39811,39811,0,0,31050,0,31050,0,0,0,55940,0,16129,0,0,497
391,130,150,70717,39961,39961,0,0,30756,0,30756,0,0,0,55940,0,15979,0,0,497
392,125,134,70587,40095,40095,0,0,30492,0,30492,0,0,0,55940,0,15845,0,0,497
393,132,162,70462,40257,40257,0,0,30205,0,30205,0,0,0,55940,0,15683,0,0,497
394,142,145,70330,40402,40402,0,0,29928,0,29928,0,0,0,55940,0,15538,0,0,497
395,136,165,70188,40567,40567,0,0,29621,0,29621,0,0,0,55940,0,15373,0,0,497
396,141,147,70052,40714,40714,0,0,29338,0,29338,0,0,0,55940,0,15226,0,0,497
397,133,154,69911,40868,40868,0,0,29043,0,29043,0,0,0,55940,0,15072,0,0,497
398,136,143,69778,41011,41011,0,0,28767,0,28767,0,0,0,55940,0,14929,0,0,497
399,125,139,69642,41150,41150,0,0,28492,0,28492,0,0,0,55940,0,14790,0,0,497
400,140,162,69517,41312,41312,0,0,28205,0,28205,0,0,0,55940,0,14628,0,0,497
401,123,152,69377,41464,41464,0,0,27913,0,27913,0,0,0,55940,0,14476,0,0,497
402,139,153,69254,41617,41617,0,0,27637,0,27637,0,0,0,55940,0,14323,0,0,497
403,144,169,69115,41786,41786,0,0,27329,0,27329,0,0,0,55940,0,14154,0,0,497
404,121,169,68971,41955,41955,0,0,27016,0,27016,0,0,0,55940,0,13985,0,0,497
405,137,165,68850,42120,42120,0,0,26730,0,26730,0,0,0,55940,0,13820,0,0,497
406,120,140,68713,42260,42260,0,0,26453,0,26453,0,0,0,55940,0,13680,0,0,497
407,141,155,68593,42415,42415,0,0,26178,0,26178,0,0,0,55940,0,13525,0,0,497
408,120,166,68452,42581,42581,0,0,25871,0,25871,0,0,0,55940,0,13359,0,0,497
409,148,147,68332,42728,42728,0,0,25604,0,25604,0,0,0,55940,0,13212,0,0,497
410,122,137,68184,42865,42865,0,0,25319,0,25319,0,0,0,55940,0,13075,0,0,497
411,149,163,68062,43028,43028,0,0,25034,0,25034,0,0,0,55940,0,12912,0,0,497
412,144,151,67913,43179,43179,0,0,24734,0,24734,0,0,0,55940,0,12761,0,0,497
413,138,154,67769,43333,43333,0,0,24436,0,24436,0,0,0,55940,0,12607,0,0,497
414,144,169,67631,43502,43502,0,0,24129,0,24129,0,0,0,55940,0,12438,0,0,497
415,145,156,67487,43658,43658,0,0,23829,0,23829,0,0,0,55940,0,12282,0,0,497
416,150,149,67342,43807,43807,0,0,23535,0,23535,0,0,0,55940,0,12133,0,0,497
417,127,147,67192,43954,43954,0,0,23238,0,23238,0,0,0,55940,0,11986,0,0,497
418,138,149,67065,44103,44103,0,0,22962,0,22962,0,0,0,55940,0,11837,0,0,497
419,122,138,66927,44241,44241,0,0,22686,0,22686,0,0,0,55940,0,11699,0,0,497
420,140,162,66805,44403,44403,0,0,22402,0,22402,0,0,0,55940,0,11537,0,0,497
421,125,164,66665,44567,44567,0,0,22098,0,22098,0,0,0,55940,0,11373,0,0,497
422,138,144,66540,44711,44711,0,0,21829,0,21829,0,0,0,55940,0,11229,0,0,497
423,139,145,66402,44856,44856,0,0,21546,0,21546,0,0,0,55940,0,11084,0,0,497
424,135,165,66263,45021,45021,0,0,21242,0,21242,0,0,0,55940,0,10919,0,0,497
425,137,134,66128,45155,45155,0,0,20973,0,20973,0,0,0,55940,0,10785,0,0,497
426,145,152,65991,45307,45307,0,0,20684,0,20684,0,0,0,55940,0,10633,0,0,497
427,147,150,65846,45457,45457,0,0,20389,0,20389,0,0,0,55940,0,10483,0,0,497
428,137,158,65699,45615,45615,0,0,20084,0,20084,0,0,0,55940,0,10325,0,0,497
429,140,139,65562,45754,45754,0,0,19808,0,19808,0,0,0,55940,0,10186,0,0,497
430,152,158,65422,45912,45912,0,0,19510,0,19510,0,0,0,55940,0,10028,0,0,497
431,125,147,65270,46059,46059,0,0,19211,0,19211,0,0,0,55940,0,9881,0,0,497
432,125,156,65145,46215,46215,0,0,18930,0,18930,0,0,0,55940,0,9725,0,0,497
433,124,135,65020,46350,46350,0,0,18670,0,18670,0,0,0,55940,0,9590,0,0,497
434,143,150,64896,46500,46500,0,0,18396,0,18396,0,0,0,55940,0,9440,0,0,497
435,135,152,64753,46652,46652,0,0,18101,0,18101,0,0,0,55940,0,9288,0,0,497
436,147,141,64618,46793,46793,0,0,17825,0,17825,0,0,0,55940,0,9147,0,0,497
437,144,138,64471,46931,46931,0,0,17540,0,17540,0,0,0,55940,0,9009,0,0,497
438,133,140,64327,47071,47071,0,0,17256,0,17256,0,0,0,55940,0,8869,0,0,497
439,152,145,64194,47216,47216,0,0,16978,0,16978,0,0,0,55940,0,8724,0,0,497
440,147,136,64042,47352,47352,0,0,16690,0,16690,0,0,0,55940,0,8588,0,0,497
441,131,167,63895,47519,47519,0,0,16376,0,16376,0,0,0,55940,0,8421,0,0,497
442,134,148,63764,47667,47667,0,0,16097,0,16097,0,0,0,55940,0,8273,0,0,497
443,133,162,63630,47829,47829,0,0,15801,0,15801,0,0,0,55940,0,8111,0,0,497
444,128,168,63497,47997,47997,0,0,15500,0,15500,0,0,0,55940,0,7943,0,0,497
445,128,136,63369,48133,48133,0,0,15236,0,15236,0,0,0,55940,0,7807,0,0,497
446,154,156,63241,48289,48289,0,0,14952,0,14952,0,0,0,55940,0,7651,0,0,497
447,138,164,63087,48453,48453,0,0,14634,0,14634,0,0,0,55940,0,7487,0,0,497
448,136,155,62949,48608,48608,0,0,14341,0,14341,0,0,0,55940,0,7332,0,0,497
449,148,148,62813,48756,48756,0,0,14057,0,14057,0,0,0,55940,0,7184,0,0,497
450,142,148,62665,48904,48904,0,0,13761,0,13761,0,0,0,55940,0,7036,0,0,497
451,155,134,62523,49038,49038,0,0,13485,0,13485,0,0,0,55940,0,6902,0,0,497
452,150,152,62368,49190,49190,0,0,13178,0,13178,0,0,0,55940,0,6750,0,0,497
453,140,168,62218,49358,49358,0,0,12860,0,12860,0,0,0,55940,0,6582,0,0,497
454,136,167,62078,49525,49525,0,0,12553,0,12553,0,0,0,55940,0,6415,0,0,497
455,157,134,61942,49659,49659,0,0,12283,0,12283,0,0,0,55940,0,6281,0,0,497
456,148,158,61785,49817,49817,0,0,11968,0,11968,0,0,0,55940,0,6123,0,0,497
457,156,143,61637,49960,49960,0,0,11677,0,11677,0,0,0,55940,0,5980,0,0,497
458,128,164,61481,50124,50124,0,0,11357,0,11357,0,0,0,55940,0,5816,0,0,497
459,153,134,61353,50258,50258,0,0,11095,0,11095,0,0,0,55940,0,5682,0,0,497
460,146,165,61200,50423,50423,0,0,10777,0,10777,0,0,0,55940,0,5517,0,0,497
461,128,162,61054,50585,50585,0,0,10469,0,10469,0,0,0,55940,0,5355,0,0,497
462,144,136,60926,50721,50721,0,0,10205,0,10205,0,0,0,55940,0,5219,0,0,497
463,148,134,60782,50855,50855,0,0,9927,0,9927,0,0,0,55940,0,5085,0,0,497
464,125,161,60634,51016,51016,0,0,9618,0,9618,0,0,0,55940,0,4924,0,0,497
465,140,137,60509,51153,51153,0,0,9356,0,9356,0,0,0,55940,0,4787,0,0,497
466,153,151,60369,51304,51304,0,0,9065,0,9065,0,0,0,55940,0,4636,0,0,497
467,135,164,60216,51468,51468,0,0,8748,0,8748,0,0,0,55940,0,4472,0,0,497
468,141,152,60081,51620,51620,0,0,8461,0,8461,0,0,0,55940,0,4320,0,0,497
469,140,145,59940,51765,51765,0,0,8175,0,8175,0,0,0,55940,0,4175,0,0,497
470,135,147,59800,51912,51912,0,0,7888,0,7888,0,0,0,55940,0,4028,0,0,497
471,156,133,59665,52045,52045,0,0,7620,0,7620,0,0,0,55940,0,3895,0,0,497
472,152,165,59509,52210,52210,0,0,7299,0,7299,0,0,0,55940,0,3730,0,0,497
473,129,142,59357,52352,52352,0,0,7005,0,7005,0,0,0,55940,0,3588,0,0,497
474,159,137,59228,52489,52489,0,0,6739,0,6739,0,0,0,55940,0,3451,0,0,497
475,156,141,59069,52630,52630,0,0,6439,0,6439,0,0,0,55940,0,3310,0,0,497
476,135,165,58913,52795,52795,0,0,6118,0,6118,0,0,0,55940,0,3145,0,0,497
477,154,134,58778,52929,52929,0,0,5849,0,5849,0,0,0,55940,0,3011,0,0,497
478,129,161,58624,53090,53090,0,0,5534,0,5534,0,0,0,55940,0,2850,0,0,497
479,160,155,58495,53245,53245,0,0,5250,0,5250,0,0,0,55940,0,2695,0,0,497
480,149,160,58335,53405,53405,0,0,4930,0,4930,0,0,0,55940,0,2535,0,0,497
481,148,165,58186,53570,53570,0,0,4616,0,4616,0,0,0,55940,0,2370,0,0,497
482,129,160,58038,53730,53730,0,0,4308,0,4308,0,0,0,55940,0,2210,0,0,497
483,157,163,57909,53893,53893,0,0,4016,0,4016,0,0,0,55940,0,2047,0,0,497
484,127,134,57752,54027,54027,0,0,3725,0,3725,0,0,0,55940,0,1913,0,0,497
485,134,158,57625,54185,54185,0,0,3440,0,3440,0,0,0,55940,0,1755,0,0,497
486,131,149,57491,54334,54334,0,0,3157,0,3157,0,0,0,55940,0,1606,0,0,497
487,153,149,57360,54483,54483,0,0,2877,0,2877,0,0,0,55940,0,1457,0,0,497
488,133,161,57207,54644,54644,0,0,2563,0,2563,0,0,0,55940,0,1296,0,0,497
489,158,163,57074,54807,54807,0,0,2267,0,2267,0,0,0,55940,0,1133,0,0,497
490,149,154,56916,54961,54961,0,0,1955,0,1955,0,0,0,55940,0,979,0,0,497
491,128,146,56767,55107,55107,0,0,1660,0,1660,0,0,0,55940,0,833,0,0,497
492,127,145,56639,55252,55252,0,0,1387,0,1387,0,0,0,55940,0,688,0,0,497
493,128,142,56512,55394,55394,0,0,1118,0,1118,0,0,0,55940,0,546,0,0,497
494,148,141,56384,55535,55535,0,0,849,0,849,0,0,0,55940,0,405,0,0,497
495,154,142,56236,55677,55677,0,0,559,0,559,0,0,0,55940,0,263,0,0,497
496,142,132,56082,55809,55809,0,0,273,0,273,0,0,0,55940,273,131,0,0,497
497,0,131,55940,55940,55940,1,55940,0,0,0,1,0,1,55940,0,0,1,1,497
498,0,160,55940,56100,55940,1,55940,0,160,160,0,160,0,55940,0,0,1,0,497
499,0,147,55940,56247,55940,1,55940,0,307,307,0,307,0,55940,0,0,1,0,497
500,0,161,55940,56408,55940,1,55940,0,468,468,0,468,0,55940,0,0,1,0,497
501,0,0,55940,56408,55940,1,55940,0,468,468,0,468,0,55940,0,0,1,0,497
502,0,131,55940,56539,55940,1,55940,0,599,599,0,599,0,55940,0,0,1,0,497
503,558,134,55940,56673,55940,1,55940,0,733,733,0,733,0,55940,0,0,1,0,497
504,128,135,55382,56808,55382,0,0,0,1426,1426,0,0,0,55940,1426,558,0,0,497
505,134,161,55254,56969,55254,0,0,0,1715,1715,0,0,0,55940,0,686,0,0,497
506,131,135,55120,57104,55120,0,0,0,1984,1984,0,0,0,55940,0,820,0,0,497
507,145,145,54989,57249,54989,0,0,0,2260,2260,0,0,0,55940,0,951,0,0,497
508,153,159,54844,57408,54844,0,0,0,2564,2564,0,0,0,55940,0,1096,0,0,497
509,149,161,54691,57569,54691,0,0,0,2878,2878,0,0,0,55940,0,1249,0,0,497
510,157,135,54542,57704,54542,0,0,0,3162,3162,0,0,0,55940,0,1398,0,0,497
511,133,128,54385,57832,54385,0,0,0,3447,3447,0,0,0,55940,0,1555,0,0,497
512,153,132,54252,57964,54252,0,0,0,3712,3712,0,0,0,55940,0,1688,0,0,497
513,134,128,54099,58092,54099,0,0,0,3993,3993,0,0,0,55940,0,1841,0,0,497
514,137,133,53965,58225,53965,0,0,0,4260,4260,0,0,0,55940,0,1975,0,0,497
515,152,145,53828,58370,53828,0,0,0,4542,4542,0,0,0,55940,0,2112,0,0,497
516,161,157,53676,58527,53676,0,0,0,4851,4851,0,0,0,55940,0,2264,0,0,497
517,149,144,53515,58671,53515,0,0,0,5156,5156,0,0,0,55940,0,2425,0,0,497
518,129,147,53366,58818,53366,0,0,0,5452,5452,0,0,0,55940,0,2574,0,0,497
519,149,132,53237,58950,53237,0,0,0,5713,5713,0,0,0,55940,0,2703,0,0,497
520,129,153,53088,59103,53088,0,0,0,6015,6015,0,0,0,55940,0,2852,0,0,497
521,158,146,52959,59249,52959,0,0,0,6290,6290,0,0,0,55940,0,2981,0,0,497
522,152,154,52801,59403,52801,0,0,0,6602,6602,0,0,0,55940,0,3139,0,0,497
523,133,157,52649,59560,52649,0,0,0,6911,6911,0,0,0,55940,0,3291,0,0,497
524,131,136,52516,59696,52516,0,0,0,7180,7180,0,0,0,55940,0,3424,0,0,497
525,134,128,52385,59824,52385,0,0,0,7439,7439,0,0,0,55940,0,3555,0,0,497
526,162,132,52251,59956,52251,0,0,0,7705,7705,0,0,0,55940,0,3689,0,0,497
527,143,139,52089,60095,52089,0,0,0,8006,8006,0,0,0,55940,0,3851,0,0,497
528,155,156,51946,60251,51946,0,0,0,8305,8305,0,0,0,55940,0,3994,0,0,497
529,150,137,51791,60388,51791,0,0,0,8597,8597,0,0,0,55940,0,4149,0,0,497
530,147,150,51641,60538,51641,0,0,0,8897,8897,0,0,0,55940,0,4299,0,0,497
531,133,142,51494,60680,51494,0,0,0,9186,9186,0,0,0,55940,0,4446,0,0,497
532,160,130,51361,60810,51361,0,0,0,9449,9449,0,0,0,55940,0,4579,0,0,497
533,138,134,51201,60944,51201,0,0,0,9743,9743,0,0,0,55940,0,4739,0,0,497
534,148,145,51063,61089,51063,0,0,0,10026,10026,0,0,0,55940,0,4877,0,0,497
535,152,145,50915,61234,50915,0,0,0,10319,10319,0,0,0,55940,0,5025,0,0,497
536,150,137,50763,61371,50763,0,0,0,10608,10608,0,0,0,55940,0,5177,0,0,497
537,160,130,50613,61501,50613,0,0,0,10888,10888,0,0,0,55940,0,5327,0,0,497
538,133,147,50453,61648,50453,0,0,0,11195,11195,0,0,0,55940,0,5487,0,0,497
539,145,128,50320,61776,50320,0,0,0,11456,11456,0,0,0,55940,0,5620,0,0,497
540,141,153,50175,61929,50175,0,0,0,11754,11754,0,0,0,55940,0,5765,0,0,497
541,144,128,50034,62057,50034,0,0,0,12023,12023,0,0,0,55940,0,5906,0,0,497
542,132,125,49890,62182,49890,0,0,0,12292,12292,0,0,0,55940,0,6050,0,0,497
543,132,138,49758,62320,49758,0,0,0,12562,12562,0,0,0,55940,0,6182,0,0,497
544,137,139,49626,62459,49626,0,0,0,12833,12833,0,0,0,55940,0,6314,0,0,497
545,138,138,49489,62597,49489,0,0,0,13108,13108,0,0,0,55940,0,6451,0,0,497
546,142,135,49351,62732,49351,0,0,0,13381,13381,0,0,0,55940,0,6589,0,0,497
547,148,154,49209,62886,49209,0,0,0,13677,13677,0,0,0,55940,0,6731,0,0,497
548,149,137,49061,63023,49061,0,0,0,13962,13962,0,0,0,55940,0,6879,0,0,497
549,142,136,48912,63159,48912,0,0,0,14247,14247,0,0,0,55940,0,7028,0,0,497
550,141,134,48770,63293,48770,0,0,0,14523,14523,0,0,0,55940,0,7170,0,0,497
551,135,122,48629,63415,48629,0,0,0,14786,14786,0,0,0,55940,0,7311,0,0,497
552,148,139,48494,63554,48494,0,0,0,15060,15060,0,0,0,55940,0,7446,0,0,497
553,138,127,48346,63681,48346,0,0,0,15335,15335,0,0,0,55940,0,7594,0,0,497
554,128,140,48208,63821,48208,0,0,0,15613,15613,0,0,0,55940,0,7732,0,0,497
555,142,121,48080,63942,48080,0,0,0,15862,15862,0,0,0,55940,0,7860,0,0,497
556,143,151,47938,64093,47938,0,0,0,16155,16155,0,0,0,55940,0,8002,0,0,497
557,135,134,47795,64227,47795,0,0,0,16432,16432,0,0,0,55940,0,8145,0,0,497
558,147,148,47660,64375,47660,0,0,0,16715,16715,0,0,0,55940,0,8280,0,0,497
559,146,134,47513,64509,47513,0,0,0,16996,16996,0,0,0,55940,0,8427,0,0,497
560,151,120,47367,64629,47367,0,0,0,17262,17262,0,0,0,55940,0,8573,0,0,497
561,149,145,47216,64774,47216,0,0,0,17558,17558,0,0,0,55940,0,8724,0,0,497
562,149,139,47067,64913,47067,0,0,0,17846,17846,0,0,0,55940,0,8873,0,0,497
563,138,143,46918,65056,46918,0,0,0,18138,18138,0,0,0,55940,0,9022,0,0,497
564,154,131,46780,65187,46780,0,0,0,18407,18407,0,0,0,55940,0,9160,0,0,497
565,146,138,46626,65325,46626,0,0,0,18699,18699,0,0,0,55940,0,9314,0,0,497
566,141,145,46480,65470,46480,0,0,0,18990,18990,0,0,0,55940,0,9460,0,0,497
567,148,137,46339,65607,46339,0,0,0,19268,19268,0,0,0,55940,0,9601,0,0,497
568,139,128,46191,65735,46191,0,0,0,19544,19544,0,0,0,55940,0,9749,0,0,497
569,144,138,46052,65873,46052,0,0,0,19821,19821,0,0,0,55940,0,9888,0,0,497
570,152,138,45908,66011,45908,0,0,0,20103,20103,0,0,0,55940,0,10032,0,0,497
571,157,147,45756,66158,45756,0,0,0,20402,20402,0,0,0,55940,0,10184,0,0,497
572,158,128,45599,66286,45599,0,0,0,20687,20687,0,0,0,55940,0,10341,0,0,497
573,144,129,45441,66415,45441,0,0,0,20974,20974,0,0,0,55940,0,10499,0,0,497
574,144,141,45297,66556,45297,0,0,0,21259,21259,0,0,0,55940,0,10643,0,0,497
575,154,131,45153,66687,45153,0,0,0,21534,21534,0,0,0,55940,0,10787,0,0,497
576,137,139,44999,66826,44999,0,0,0,21827,21827,0,0,0,55940,0,10941,0,0,497
577,155,130,44862,66956,44862,0,0,0,22094,22094,0,0,0,55940,0,11078,0,0,497
578,143,122,44707,67078,44707,0,0,0,22371,22371,0,0,0,55940,0,11233,0,0,497
579,130,138,44564,67216,44564,0,0,0,22652,22652,0,0,0,55940,0,11376,0,0,497
580,128,119,44434,67335,44434,0,0,0,22901,22901,0,0,0,55940,0,11506,0,0,497
581,155,121,44306,67456,44306,0,0,0,23150,23150,0,0,0,55940,0,11634,0,0,497
582,128,134,44151,67590,44151,0,0,0,23439,23439,0,0,0,55940,0,11789,0,0,497
583,135,137,44023,67727,44023,0,0,0,23704,23704,0,0,0,55940,0,11917,0,0,497
584,137,141,43888,67868,43888,0,0,0,23980,23980,0,0,0,55940,0,12052,0,0,497
585,131,122,43751,67990,43751,0,0,0,24239,24239,0,0,0,55940,0,12189,0,0,497
586,136,117,43620,68107,43620,0,0,0,24487,24487,0,0,0,55940,0,12320,0,0,497
587,151,143,43484,68250,43484,0,0,0,24766,24766,0,0,0,55940,0,12456,0,0,497
588,126,118,43333,68368,43333,0,0,0,25035,25035,0,0,0,55940,0,12607,0,0,497
589,153,119,43207,68487,43207,0,0,0,25280,25280,0,0,0,55940,0,12733,0,0,497
590,154,121,43054,68608,43054,0,0,0,25554,25554,0,0,0,55940,0,12886,0,0,497
591,138,128,42900,68736,42900,0,0,0,25836,25836,0,0,0,55940,0,13040,0,0,497
592,130,139,42762,68875,42762,0,0,0,26113,26113,0,0,0,55940,0,13178,0,0,497
593,145,135,42632,69010,42632,0,0,0,26378,26378,0,0,0,55940,0,13308,0,0,497
594,129,133,42487,69143,42487,0,0,0,26656,26656,0,0,0,55940,0,13453,0,0,497
595,137,117,42358,69260,42358,0,0,0,26902,26902,0,0,0,55940,0,13582,0,0,497
596,157,122,42221,69382,42221,0,0,0,27161,27161,0,0,0,55940,0,13719,0,0,497
597,158,125,42064,69507,42064,0,0,0,27443,27443,0,0,0,55940,0,13876,0,0,497
598,151,115,41906,69622,41906,0,0,0,27716,27716,0,0,0,55940,0,14034,0,0,497
599,135,119,41755,69741,41755,0,0,0,27986,27986,0,0,0,55940,0,14185,0,0,497
600,147,120,41620,69861,41620,0,0,0,28241,28241,0,0,0,55940,0,14320,0,0,497
601,148,114,41473,69975,41473,0,0,0,28502,28502,0,0,0,55940,0,14467,0,0,497
602,137,126,41325,70101,41325,0,0,0,28776,28776,0,0,0,55940,0,14615,0,0,497
603,146,131,41188,70232,41188,0,0,0,29044,29044,0,0,0,55940,0,14752,0,0,497
604,124,111,41042,70343,41042,0,0,0,29301,29301,0,0,0,55940,0,14898,0,0,497
605,131,123,40918,70466,40918,0,0,0,29548,29548,0,0,0,55940,0,15022,0,0,497
606,141,132,40787,70598,40787,0,0,0,29811,29811,0,0,0,55940,0,15153,0,0,497
607,129,131,40646,70729,40646,0,0,0,30083,30083,0,0,0,55940,0,15294,0,0,497
608,129,133,40517,70862,40517,0,0,0,30345,30345,0,0,0,55940,0,15423,0,0,497
609,151,121,40388,70983,40388,0,0,0,30595,30595,0,0,0,55940,0,15552,0,0,497
610,156,132,40237,71115,40237,0,0,0,30878,30878,0,0,0,55940,0,15703,0,0,497
611,142,115,40081,71230,40081,0,0,0,31149,31149,0,0,0,55940,0,15859,0,0,497
612,151,118,39939,71348,39939,0,0,0,31409,31409,0,0,0,55940,0,16001,0,0,497
613,156,112,39788,71460,39788,0,0,0,31672,31672,0,0,0,55940,0,16152,0,0,497
614,128,121,39632,71581,39632,0,0,0,31949,31949,0,0,0,55940,0,16308,0,0,497
615,138,118,39504,71699,39504,0,0,0,32195,32195,0,0,0,55940,0,16436,0,0,497
616,136,114,39366,71813,39366,0,0,0,32447,32447,0,0,0,55940,0,16574,0,0,497
617,125,128,39230,71941,39230,0,0,0,32711,32711,0,0,0,55940,0,16710,0,0,497
618,148,115,39105,72056,39105,0,0,0,32951,32951,0,0,0,55940,0,16835,0,0,497
619,137,114,38957,72170,38957,0,0,0,33213,33213,0,0,0,55940,0,16983,0,0,497
620,138,109,38820,72279,38820,0,0,0,33459,33459,0,0,0,55940,0,17120,0,0,497
621,127,118,38682,72397,38682,0,0,0,33715,33715,0,0,0,55940,0,17258,0,0,497
622,128,114,38555,72511,38555,0,0,0,33956,33956,0,0,0,55940,0,17385,0,0,497
623,152,116,38427,72627,38427,0,0,0,34200,34200,0,0,0,55940,0,17513,0,0,497
624,123,111,38275,72738,38275,0,0,0,34463,34463,0,0,0,55940,0,17665,0,0,497
625,129,126,38152,72864,38152,0,0,0,34712,34712,0,0,0,55940,0,17788,0,0,497
626,131,131,38023,72995,38023,0,0,0,34972,34972,0,0,0,55940,0,17917,0,0,497
627,137,118,37892,73113,37892,0,0,0,35221,35221,0,0,0,55940,0,18048,0,0,497
628,140,122,37755,73235,37755,0,0,0,35480,35480,0,0,0,55940,0,18185,0,0,497
629,137,128,37615,73363,37615,0,0,0,35748,35748,0,0,0,55940,0,18325,0,0,497
630,124,131,37478,73494,37478,0,0,0,36016,36016,0,0,0,55940,0,18462,0,0,497
631,129,120,37354,73614,37354,0,0,0,36260,36260,0,0,0,55940,0,18586,0,0,497
632,148,128,37225,73742,37225,0,0,0,36517,36517,0,0,0,55940,0,18715,0,0,497
633,141,128,37077,73870,37077,0,0,0,36793,36793,0,0,0,55940,0,18863,0,0,497
634,142,124,36936,73994,36936,0,0,0,37058,37058,0,0,0,55940,0,19004,0,0,497
635,142,115,36794,74109,36794,0,0,0,37315,37315,0,0,0,55940,0,19146,0,0,497
636,145,104,36652,74213,36652,0,0,0,37561,37561,0,0,0,55940,0,19288,0,0,497
637,122,102,36507,74315,36507,0,0,0,37808,37808,0,0,0,55940,0,19433,0,0,497
638,132,115,36385,74430,36385,0,0,0,38045,38045,0,0,0,55940,0,19555,0,0,497
639,137,115,36253,74545,36253,0,0,0,38292,38292,0,0,0,55940,0,19687,0,0,497
640,131,112,36116,74657,36116,0,0,0,38541,38541,0,0,0,55940,0,19824,0,0,497
641,147,116,35985,74773,35985,0,0,0,38788,38788,0,0,0,55940,0,19955,0,0,497
642,135,116,35838,74889,35838,0,0,0,39051,39051,0,0,0,55940,0,20102,0,0,497
643,144,123,35703,75012,35703,0,0,0,39309,39309,0,0,0,55940,0,20237,0,0,497
644,147,103,35559,75115,35559,0,0,0,39556,39556,0,0,0,55940,0,20381,0,0,497
645,135,106,35412,75221,35412,0,0,0,39809,39809,0,0,0,55940,0,20528,0,0,497
646,148,121,35277,75342,35277,0,0,0,40065,40065,0,0,0,55940,0,20663,0,0,497
647,137,122,35129,75464,35129,0,0,0,40335,40335,0,0,0,55940,0,20811,0,0,497
648,146,126,34992,75590,34992,0,0,0,40598,40598,0,0,0,55940,0,20948,0,0,497
649,129,122,34846,75712,34846,0,0,0,40866,40866,0,0,0,55940,0,21094,0,0,497
650,134,122,34717,75834,34717,0,0,0,41117,41117,0,0,0,55940,0,21223,0,0,497
651,135,107,34583,75941,34583,0,0,0,41358,41358,0,0,0,55940,0,21357,0,0,497
652,121,109,34448,76050,34448,0,0,0,41602,41602,0,0,0,55940,0,21492,0,0,497
653,130,105,34327,76155,34327,0,0,0,41828,41828,0,0,0,55940,0,21613,0,0,497
654,147,114,34197,76269,34197,0,0,0,42072,42072,0,0,0,55940,0,21743,0,0,497
655,137,122,34050,76391,34050,0,0,0,42341,42341,0,0,0,55940,0,21890,0,0,497
656,123,106,33913,76497,33913,0,0,0,42584,42584,0,0,0,55940,0,22027,0,0,497
657,128,111,33790,76608,33790,0,0,0,42818,42818,0,0,0,55940,0,22150,0,0,497
658,123,104,33662,76712,33662,0,0,0,43050,43050,0,0,0,55940,0,22278,0,0,497
659,117,101,33539,76813,33539,0,0,0,43274,43274,0,0,0,55940,0,22401,0,0,497
660,146,101,33422,76914,33422,0,0,0,43492,43492,0,0,0,55940,0,22518,0,0,497
661,131,97,33276,77011,33276,0,0,0,43735,43735,0,0,0,55940,0,22664,0,0,497
662,126,120,33145,77131,33145,0,0,0,43986,43986,0,0,0,55940,0,22795,0,0,497
663,135,106,33019,77237,33019,0,0,0,44218,44218,0,0,0,55940,0,22921,0,0,497
664,116,116,32884,77353,32884,0,0,0,44469,44469,0,0,0,55940,0,23056,0,0,497
665,124,112,32768,77465,32768,0,0,0,44697,44697,0,0,0,55940,0,23172,0,0,497
666,138,99,32644,77564,32644,0,0,0,44920,44920,0,0,0,55940,0,23296,0,0,497
667,135,99,32506,77663,32506,0,0,0,45157,45157,0,0,0,55940,0,23434,0,0,497
668,146,115,32371,77778,32371,0,0,0,45407,45407,0,0,0,55940,0,23569,0,0,497
669,134,100,32225,77878,32225,0,0,0,45653,45653,0,0,0,55940,0,23715,0,0,497
670,130,117,32091,77995,32091,0,0,0,45904,45904,0,0,0,55940,0,23849,0,0,497
671,138,97,31961,78092,31961,0,0,0,46131,46131,0,0,0,55940,0,23979,0,0,497
672,143,110,31823,78202,31823,0,0,0,46379,46379,0,0,0,55940,0,24117,0,0,497
673,137,113,31680,78315,31680,0,0,0,46635,46635,0,0,0,55940,0,24260,0,0,497
674,144,98,31543,78413,31543,0,0,0,46870,46870,0,0,0,55940,0,24397,0,0,497
675,138,99,31399,78512,31399,0,0,0,47113,47113,0,0,0,55940,0,24541,0,0,497
676,141,116,31261,78628,31261,0,0,0,47367,47367,0,0,0,55940,0,24679,0,0,497
677,117,98,31120,78726,31120,0,0,0,47606,47606,0,0,0,55940,0,24820,0,0,497
678,136,102,31003,78828,31003,0,0,0,47825,47825,0,0,0,55940,0,24937,0,0,497
679,127,102,30867,78930,30867,0,0,0,48063,48063,0,0,0,55940,0,25073,0,0,497
680,130,97,30740,79027,30740,0,0,0,48287,48287,0,0,0,55940,0,25200,0,0,497
681,133,110,30610,79137,30610,0,0,0,48527,48527,0,0,0,55940,0,25330,0,0,497
682,143,109,30477,79246,30477,0,0,0,48769,48769,0,0,0,55940,0,25463,0,0,497
683,143,99,30334,79345,30334,0,0,0,49011,49011,0,0,0,55940,0,25606,0,0,497
684,121,110,30191,79455,30191,0,0,0,49264,49264,0,0,0,55940,0,25749,0,0,497
685,135,95,30070,79550,30070,0,0,0,49480,49480,0,0,0,55940,0,25870,0,0,497
686,135,89,29935,79639,29935,0,0,0,49704,49704,0,0,0,55940,0,26005,0,0,497
687,122,103,29800,79742,29800,0,0,0,49942,49942,0,0,0,55940,0,26140,0,0,497
688,115,113,29678,79855,29678,0,0,0,50177,50177,0,0,0,55940,0,26262,0,0,497
689,113,89,29563,79944,29563,0,0,0,50381,50381,0,0,0,55940,0,26377,0,0,497
690,135,93,29450,80037,29450,0,0,0,50587,50587,0,0,0,55940,0,26490,0,0,497
691,126,100,29315,80137,29315,0,0,0,50822,50822,0,0,0,55940,0,26625,0,0,497
692,141,107,29189,80244,29189,0,0,0,51055,51055,0,0,0,55940,0,26751,0,0,497
693,125,90,29048,80334,29048,0,0,0,51286,51286,0,0,0,55940,0,26892,0,0,497
694,140,97,28923,80431,28923,0,0,0,51508,51508,0,0,0,55940,0,27017,0,0,497
695,123,105,28783,80536,28783,0,0,0,51753,51753,0,0,0,55940,0,27157,0,0,497
696,134,95,28660,80631,28660,0,0,0,51971,51971,0,0,0,55940,0,27280,0,0,497
697,112,91,28526,80722,28526,0,0,0,52196,52196,0,0,0,55940,0,27414,0,0,497
698,126,91,28414,80813,28414,0,0,0,52399,52399,0,0,0,55940,0,27526,0,0,497
699,133,96,28288,80909,28288,0,0,0,52621,52621,0,0,0,55940,0,27652,0,0,497
700,137,97,28155,81006,28155,0,0,0,52851,52851,0,0,0,55940,0,27785,0,0,497
701,134,105,28018,81111,28018,0,0,0,53093,53093,0,0,0,55940,0,27922,0,0,497
702,110,100,27884,81211,27884,0,0,0,53327,53327,0,0,0,55940,0,28056,0,0,497
703,120,101,27774,81312,27774,0,0,0,53538,53538,0,0,0,55940,0,28166,0,0,497
704,110,107,27654,81419,27654,0,0,0,53765,53765,0,0,0,55940,0,28286,0,0,497
705,112,94,27544,81513,27544,0,0,0,53969,53969,0,0,0,55940,0,28396,0,0,497
706,128,93,27432,81606,27432,0,0,0,54174,54174,0,0,0,55940,0,28508,0,0,497
707,129,105,27304,81711,27304,0,0,0,54407,54407,0,0,0,55940,0,28636,0,0,497
708,130,89,27175,81800,27175,0,0,0,54625,54625,0,0,0,55940,0,28765,0,0,497
709,133,100,27045,81900,27045,0,0,0,54855,54855,0,0,0,55940,0,28895,0,0,497
710,129,100,26912,82000,26912,0,0,0,55088,55088,0,0,0,55940,0,29028,0,0,497
711,130,85,26783,82085,26783,0,0,0,55302,55302,0,0,0,55940,0,29157,0,0,497
712,108,93,26653,82178,26653,0,0,0,55525,55525,0,0,0,55940,0,29287,0,0,497
713,113,87,26545,82265,26545,0,0,0,55720,55720,0,0,0,55940,0,29395,0,0,497
714,125,86,26432,82351,26432,0,0,0,55919,55919,0,0,0,55940,0,29508,0,0,497
715,131,92,26307,82443,26307,0,0,0,56136,56136,0,0,0,55940,0,29633,0,0,497
716,106,88,26176,82531,26176,0,0,0,56355,56355,0,0,0,55940,0,29764,0,0,497
717,121,99,26070,82630,26070,0,0,0,56560,56560,0,0,0,55940,0,29870,0,0,497
718,125,101,25949,82731,25949,0,0,0,56782,56782,0,0,0,55940,0,29991,0,0,497
719,106,98,25824,82829,25824,0,0,0,57005,57005,0,0,0,55940,0,30116,0,0,497
720,117,86,25718,82915,25718,0,0,0,57197,57197,0,0,0,55940,0,30222,0,0,497
721,131,86,25601,83001,25601,0,0,0,57400,57400,0,0,0,55940,0,30339,0,0,497
722,124,85,25470,83086,25470,0,0,0,57616,57616,0,0,0,55940,0,30470,0,0,497
723,111,83,25346,83169,25346,0,0,0,57823,57823,0,0,0,55940,0,30594,0,0,497
724,129,100,25235,83269,25235,0,0,0,58034,58034,0,0,0,55940,0,30705,0,0,497
725,114,88,25106,83357,25106,0,0,0,58251,58251,0,0,0,55940,0,30834,0,0,497
726,128,84,24992,83441,24992,0,0,0,58449,58449,0,0,0,55940,0,30948,0,0,497
727,112,97,24864,83538,24864,0,0,0,58674,58674,0,0,0,55940,0,31076,0,0,497
728,120,87,24752,83625,24752,0,0,0,58873,58873,0,0,0,55940,0,31188,0,0,497
729,114,79,24632,83704,24632,0,0,0,59072,59072,0,0,0,55940,0,31308,0,0,497
730,111,81,24518,83785,24518,0,0,0,59267,59267,0,0,0,55940,0,31422,0,0,497
731,128,91,24407,83876,24407,0,0,0,59469,59469,0,0,0,55940,0,31533,0,0,497
732,108,94,24279,83970,24279,0,0,0,59691,59691,0,0,0,55940,0,31661,0,0,497
733,105,82,24171,84052,24171,0,0,0,59881,59881,0,0,0,55940,0,31769,0,0,497
734,112,96,24066,84148,24066,0,0,0,60082,60082,0,0,0,55940,0,31874,0,0,497
735,122,94,23954,84242,23954,0,0,0,60288,60288,0,0,0,55940,0,31986,0,0,497
736,124,94,23832,84336,23832,0,0,0,60504,60504,0,0,0,55940,0,32108,0,0,497
737,129,81,23708,84417,23708,0,0,0,60709,60709,0,0,0,55940,0,32232,0,0,497
738,109,77,23579,84494,23579,0,0,0,60915,60915,0,0,0,55940,0,32361,0,0,497
739,112,93,23470,84587,23470,0,0,0,61117,61117,0,0,0,55940,0,32470,0,0,497
740,105,82,23358,84669,23358,0,0,0,61311,61311,0,0,0,55940,0,32582,0,0,497
741,116,88,23253,84757,23253,0,0,0,61504,61504,0,0,0,55940,0,32687,0,0,497
742,128,90,23137,84847,23137,0,0,0,61710,61710,0,0,0,55940,0,32803,0,0,497
743,119,77,23009,84924,23009,0,0,0,61915,61915,0,0,0,55940,0,32931,0,0,497
744,116,90,22890,85014,22890,0,0,0,62124,62124,0,0,0,55940,0,33050,0,0,497
745,110,93,22774,85107,22774,0,0,0,62333,62333,0,0,0,55940,0,33166,0,0,497
746,124,88,22664,85195,22664,0,0,0,62531,62531,0,0,0,55940,0,33276,0,0,497
747,113,82,22540,85277,22540,0,0,0,62737,62737,0,0,0,55940,0,33400,0,0,497
748,103,91,22427,85368,22427,0,0,0,62941,62941,0,0,0,55940,0,33513,0,0,497
749,109,83,22324,85451,22324,0,0,0,63127,63127,0,0,0,55940,0,33616,0,0,497
750,100,87,22215,85538,22215,0,0,0,63323,63323,0,0,0,55940,0,33725,0,0,497
751,104,89,22115,85627,22115,0,0,0,63512,63512,0,0,0,55940,0,33825,0,0,497
752,99,87,22011,85714,22011,0,0,0,63703,63703,0,0,0,55940,0,33929,0,0,497
753,110,78,21912,85792,21912,0,0,0,63880,63880,0,0,0,55940,0,34028,0,0,497
754,115,74,21802,85866,21802,0,0,0,64064,64064,0,0,0,55940,0,34138,0,0,497
755,107,76,21687,85942,21687,0,0,0,64255,64255,0,0,0,55940,0,34253,0,0,497
756,108,81,21580,86023,21580,0,0,0,64443,64443,0,0,0,55940,0,34360,0,0,497
757,122,81,21472,86104,21472,0,0,0,64632,64632,0,0,0,55940,0,34468,0,0,497
758,117,82,21350,86186,21350,0,0,0,64836,64836,0,0,0,55940,0,34590,0,0,497
759,111,78,21233,86264,21233,0,0,0,65031,65031,0,0,0,55940,0,34707,0,0,497
760,104,85,21122,86349,21122,0,0,0,65227,65227,0,0,0,55940,0,34818,0,0,497
761,120,87,21018,86436,21018,0,0,0,65418,65418,0,0,0,55940,0,34922,0,0,497
762,102,74,20898,86510,20898,0,0,0,65612,65612,0,0,0,55940,0,35042,0,0,497
763,104,83,20796,86593,20796,0,0,0,65797,65797,0,0,0,55940,0,35144,0,0,497
764,119,82,20692,86675,20692,0,0,0,65983,65983,0,0,0,55940,0,35248,0,0,497
765,109,79,20573,86754,20573,0,0,0,66181,66181,0,0,0,55940,0,35367,0,0,497
766,114,72,20464,86826,20464,0,0,0,66362,66362,0,0,0,55940,0,35476,0,0,497
767,110,83,20350,86909,20350,0,0,0,66559,66559,0,0,0,55940,0,35590,0,0,497
768,111,86,20240,86995,20240,0,0,0,66755,66755,0,0,0,55940,0,35700,0,0,497
769,102,81,20129,87076,20129,0,0,0,66947,66947,0,0,0,55940,0,35811,0,0,497
770,100,85,20027,87161,20027,0,0,0,67134,67134,0,0,0,55940,0,35913,0,0,497
771,102,86,19927,87247,19927,0,0,0,67320,67320,0,0,0,55940,0,36013,0,0,497
772,97,74,19825,87321,19825,0,0,0,67496,67496,0,0,0,55940,0,36115,0,0,497
773,115,79,19728,87400,19728,0,0,0,67672,67672,0,0,0,55940,0,36212,0,0,497
774,100,75,19613,87475,19613,0,0,0,67862,67862,0,0,0,55940,0,36327,0,0,497
775,107,84,19513,87559,19513,0,0,0,68046,68046,0,0,0,55940,0,36427,0,0,497
776,112,68,19406,87627,19406,0,0,0,68221,68221,0,0,0,55940,0,36534,0,0,497
777,112,73,19294,87700,19294,0,0,0,68406,68406,0,0,0,55940,0,36646,0,0,497
778,103,81,19182,87781,19182,0,0,0,68599,68599,0,0,0,55940,0,36758,0,0,497
779,104,70,19079,87851,19079,0,0,0,68772,68772,0,0,0,55940,0,36861,0,0,497
780,116,79,18975,87930,18975,0,0,0,68955,68955,0,0,0,55940,0,36965,0,0,497
781,108,72,18859,88002,18859,0,0,0,69143,69143,0,0,0,55940,0,37081,0,0,497
782,111,82,18751,88084,18751,0,0,0,69333,69333,0,0,0,55940,0,37189,0,0,497
783,113,80,18640,88164,18640,0,0,0,69524,69524,0,0,0,55940,0,37300,0,0,497
784,110,69,18527,88233,18527,0,0,0,69706,69706,0,0,0,55940,0,37413,0,0,497
785,95,77,18417,88310,18417,0,0,0,69893,69893,0,0,0,55940,0,37523,0,0,497
786,104,70,18322,88380,18322,0,0,0,70058,70058,0,0,0,55940,0,37618,0,0,497
787,92,74,18218,88454,18218,0,0,0,70236,70236,0,0,0,55940,0,37722,0,0,497
788,106,75,18126,88529,18126,0,0,0,70403,70403,0,0,0,55940,0,37814,0,0,497
789,113,77,18020,88606,18020,0,0,0,70586,70586,0,0,0,55940,0,37920,0,0,497
790,102,63,17907,88669,17907,0,0,0,70762,70762,0,0,0,55940,0,38033,0,0,497
791,99,66,17805,88735,17805,0,0,0,70930,70930,0,0,0,55940,0,38135,0,0,497
792,89,74,17706,88809,17706,0,0,0,71103,71103,0,0,0,55940,0,38234,0,0,497
793,111,72,17617,88881,17617,0,0,0,71264,71264,0,0,0,55940,0,38323,0,0,497
794,91,70,17506,88951,17506,0,0,0,71445,71445,0,0,0,55940,0,38434,0,0,497
795,89,62,17415,89013,17415,0,0,0,71598,71598,0,0,0,55940,0,38525,0,0,497
796,94,67,17326,89080,17326,0,0,0,71754,71754,0,0,0,55940,0,38614,0,0,497
797,89,75,17232,89155,17232,0,0,0,71923,71923,0,0,0,55940,0,38708,0,0,497
798,98,61,17143,89216,17143,0,0,0,72073,72073,0,0,0,55940,0,38797,0,0,497
799,99,67,17045,89283,17045,0,0,0,72238,72238,0,0,0,55940,0,38895,0,0,497
800,94,76,16946,89359,16946,0,0,0,72413,72413,0,0,0,55940,0,38994,0,0,497
801,88,61,16852,89420,16852,0,0,0,72568,72568,0,0,0,55940,0,39088,0,0,497
802,89,72,16764,89492,16764,0,0,0,72728,72728,0,0,0,55940,0,39176,0,0,497
803,95,64,16675,89556,16675,0,0,0,72881,72881,0,0,0,55940,0,39265,0,0,497
804,87,73,16580,89629,16580,0,0,0,73049,73049,0,0,0,55940,0,39360,0,0,497
805,102,71,16493,89700,16493,0,0,0,73207,73207,0,0,0,55940,0,39447,0,0,497
806,90,73,16391,89773,16391,0,0,0,73382,73382,0,0,0,55940,0,39549,0,0,497
807,92,62,16301,89835,16301,0,0,0,73534,73534,0,0,0,55940,0,39639,0,0,497
808,94,67,16209,89902,16209,0,0,0,73693,73693,0,0,0,55940,0,39731,0,0,497
809,94,71,16115,89973,16115,0,0,0,73858,73858,0,0,0,55940,0,39825,0,0,497
810,84,62,16021,90035,16021,0,0,0,74014,74014,0,0,0,55940,0,39919,0,0,497
811,87,61,15937,90096,15937,0,0,0,74159,74159,0,0,0,55940,0,40003,0,0,497
812,103,58,15850,90154,15850,0,0,0,74304,74304,0,0,0,55940,0,40090,0,0,497
813,83,72,15747,90226,15747,0,0,0,74479,74479,0,0,0,55940,0,40193,0,0,497
814,95,68,15664,90294,15664,0,0,0,74630,74630,0,0,0,55940,0,40276,0,0,497
815,94,67,15569,90361,15569,0,0,0,74792,74792,0,0,0,55940,0,40371,0,0,497
816,90,68,15475,90429,15475,0,0,0,74954,74954,0,0,0,55940,0,40465,0,0,497
817,92,64,15385,90493,15385,0,0,0,75108,75108,0,0,0,55940,0,40555,0,0,497
818,100,63,15293,90556,15293,0,0,0,75263,75263,0,0,0,55940,0,40647,0,0,497
819,101,63,15193,90619,15193,0,0,0,75426,75426,0,0,0,55940,0,40747,0,0,497
820,88,65,15092,90684,15092,0,0,0,75592,75592,0,0,0,55940,0,40848,0,0,497
821,89,58,15004,90742,15004,0,0,0,75738,75738,0,0,0,55940,0,40936,0,0,497
822,87,69,14915,90811,14915,0,0,0,75896,75896,0,0,0,55940,0,41025,0,0,497
823,92,67,14828,90878,14828,0,0,0,76050,76050,0,0,0,55940,0,41112,0,0,497
824,96,60,14736,90938,14736,0,0,0,76202,76202,0,0,0,55940,0,41204,0,0,497
825,85,63,14640,91001,14640,0,0,0,76361,76361,0,0,0,55940,0,41300,0,0,497
826,87,56,14555,91057,14555,0,0,0,76502,76502,0,0,0,55940,0,41385,0,0,497
827,100,68,14468,91125,14468,0,0,0,76657,76657,0,0,0,55940,0,41472,0,0,497
828,81,67,14368,91192,14368,0,0,0,76824,76824,0,0,0,55940,0,41572,0,0,497
829,89,67,14287,91259,14287,0,0,0,76972,76972,0,0,0,55940,0,41653,0,0,497
830,95,58,14198,91317,14198,0,0,0,77119,77119,0,0,0,55940,0,41742,0,0,497
831,82,56,14103,91373,14103,0,0,0,77270,77270,0,0,0,55940,0,41837,0,0,497
832,80,56,14021,91429,14021,0,0,0,77408,77408,0,0,0,55940,0,41919,0,0,497
833,81,54,13941,91483,13941,0,0,0,77542,77542,0,0,0,55940,0,41999,0,0,497
834,98,54,13860,91537,13860,0,0,0,77677,77677,0,0,0,55940,0,42080,0,0,497
835,78,53,13762,91590,13762,0,0,0,77828,77828,0,0,0,55940,0,42178,0,0,497
836,82,66,13684,91656,13684,0,0,0,77972,77972,0,0,0,55940,0,42256,0,0,497
837,78,53,13602,91709,13602,0,0,0,78107,78107,0,0,0,55940,0,42338,0,0,497
838,80,53,13524,91762,13524,0,0,0,78238,78238,0,0,0,55940,0,42416,0,0,497
839,90,63,13444,91825,13444,0,0,0,78381,78381,0,0,0,55940,0,42496,0,0,497
840,82,59,13354,91884,13354,0,0,0,78530,78530,0,0,0,55940,0,42586,0,0,497
841,88,62,13272,91946,13272,0,0,0,78674,78674,0,0,0,55940,0,42668,0,0,497
842,89,59,13184,92005,13184,0,0,0,78821,78821,0,0,0,55940,0,42756,0,0,497
843,94,63,13095,92068,13095,0,0,0,78973,78973,0,0,0,55940,0,42845,0,0,497
844,76,59,13001,92127,13001,0,0,0,79126,79126,0,0,0,55940,0,42939,0,0,497
845,93,57,12925,92184,12925,0,0,0,79259,79259,0,0,0,55940,0,43015,0,0,497
846,88,59,12832,92243,12832,0,0,0,79411,79411,0,0,0,55940,0,43108,0,0,497
847,78,56,12744,92299,12744,0,0,0,79555,79555,0,0,0,55940,0,43196,0,0,497
848,91,54,12666,92353,12666,0,0,0,79687,79687,0,0,0,55940,0,43274,0,0,497
849,92,55,12575,92408,12575,0,0,0,79833,79833,0,0,0,55940,0,43365,0,0,497
850,79,51,12483,92459,12483,0,0,0,79976,79976,0,0,0,55940,0,43457,0,0,497
851,93,59,12404,92518,12404,0,0,0,80114,80114,0,0,0,55940,0,43536,0,0,497
852,83,52,12311,92570,12311,0,0,0,80259,80259,0,0,0,55940,0,43629,0,0,497
853,86,50,12228,92620,12228,0,0,0,80392,80392,0,0,0,55940,0,43712,0,0,497
854,93,51,12142,92671,12142,0,0,0,80529,80529,0,0,0,55940,0,43798,0,0,497
855,80,59,12049,92730,12049,0,0,0,80681,80681,0,0,0,55940,0,43891,0,0,497
856,89,52,11969,92782,11969,0,0,0,80813,80813,0,0,0,55940,0,43971,0,0,497
857,79,56,11880,92838,11880,0,0,0,80958,80958,0,0,0,55940,0,44060,0,0,497
858,88,58,11801,92896,11801,0,0,0,81095,81095,0,0,0,55940,0,44139,0,0,497
859,84,48,11713,92944,11713,0,0,0,81231,81231,0,0,0,55940,0,44227,0,0,497
860,76,57,11629,93001,11629,0,0,0,81372,81372,0,0,0,55940,0,44311,0,0,497
861,80,51,11553,93052,11553,0,0,0,81499,81499,0,0,0,55940,0,44387,0,0,497
862,78,49,11473,93101,11473,0,0,0,81628,81628,0,0,0,55940,0,44467,0,0,497
863,73,55,11395,93156,11395,0,0,0,81761,81761,0,0,0,55940,0,44545,0,0,497
864,71,57,11322,93213,11322,0,0,0,81891,81891,0,0,0,55940,0,44618,0,0,497
865,77,49,11251,93262,11251,0,0,0,82011,82011,0,0,0,55940,0,44689,0,0,497
866,71,53,11174,93315,11174,0,0,0,82141,82141,0,0,0,55940,0,44766,0,0,497
867,73,49,11103,93364,11103,0,0,0,82261,82261,0,0,0,55940,0,44837,0,0,497
868,84,52,11030,93416,11030,0,0,0,82386,82386,0,0,0,55940,0,44910,0,0,497
869,83,53,10946,93469,10946,0,0,0,82523,82523,0,0,0,55940,0,44994,0,0,497
870,83,52,10863,93521,10863,0,0,0,82658,82658,0,0,0,55940,0,45077,0,0,497
871,75,52,10780,93573,10780,0,0,0,82793,82793,0,0,0,55940,0,45160,0,0,497
872,86,46,10705,93619,10705,0,0,0,82914,82914,0,0,0,55940,0,45235,0,0,497
873,80,53,10619,93672,10619,0,0,0,83053,83053,0,0,0,55940,0,45321,0,0,497
874,71,52,10539,93724,10539,0,0,0,83185,83185,0,0,0,55940,0,45401,0,0,497
875,71,52,10468,93776,10468,0,0,0,83308,83308,0,0,0,55940,0,45472,0,0,497
876,81,44,10397,93820,10397,0,0,0,83423,83423,0,0,0,55940,0,45543,0,0,497
877,71,49,10316,93869,10316,0,0,0,83553,83553,0,0,0,55940,0,45624,0,0,497
878,77,48,10245,93917,10245,0,0,0,83672,83672,0,0,0,55940,0,45695,0,0,497
879,85,44,10168,93961,10168,0,0,0,83793,83793,0,0,0,55940,0,45772,0,0,497
880,67,45,10083,94006,10083,0,0,0,83923,83923,0,0,0,55940,0,45857,0,0,497
881,67,48,10016,94054,10016,0,0,0,84038,84038,0,0,0,55940,0,45924,0,0,497
882,84,51,9949,94105,9949,0,0,0,84156,84156,0,0,0,55940,0,45991,0,0,497
883,77,45,9865,94150,9865,0,0,0,84285,84285,0,0,0,55940,0,46075,0,0,497
884,68,52,9788,94202,9788,0,0,0,84414,84414,0,0,0,55940,0,46152,0,0,497
885,82,48,9720,94250,9720,0,0,0,84530,84530,0,0,0,55940,0,46220,0,0,497
886,81,50,9638,94300,9638,0,0,0,84662,84662,0,0,0,55940,0,46302,0,0,497
887,75,47,9557,94347,9557,0,0,0,84790,84790,0,0,0,55940,0,46383,0,0,497
888,76,47,9482,94394,9482,0,0,0,84912,84912,0,0,0,55940,0,46458,0,0,497
889,70,48,9406,94442,9406,0,0,0,85036,85036,0,0,0,55940,0,46534,0,0,497
890,65,51,9336,94493,9336,0,0,0,85157,85157,0,0,0,55940,0,46604,0,0,497
891,75,46,9271,94539,9271,0,0,0,85268,85268,0,0,0,55940,0,46669,0,0,497
892,69,46,9196,94585,9196,0,0,0,85389,85389,0,0,0,55940,0,46744,0,0,497
893,75,47,9127,94632,9127,0,0,0,85505,85505,0,0,0,55940,0,46813,0,0,497
894,78,48,9052,94680,9052,0,0,0,85628,85628,0,0,0,55940,0,46888,0,0,497
895,64,41,8974,94721,8974,0,0,0,85747,85747,0,0,0,55940,0,46966,0,0,497
896,73,45,8910,94766,8910,0,0,0,85856,85856,0,0,0,55940,0,47030,0,0,497
897,67,45,8837,94811,8837,0,0,0,85974,85974,0,0,0,55940,0,47103,0,0,497
898,78,49,8770,94860,8770,0,0,0,86090,86090,0,0,0,55940,0,47170,0,0,497
899,67,44,8692,94904,8692,0,0,0,86212,86212,0,0,0,55940,0,47248,0,0,497
900,73,44,8625,94948,8625,0,0,0,86323,86323,0,0,0,55940,0,47315,0,0,497
901,71,49,8552,94997,8552,0,0,0,86445,86445,0,0,0,55940,0,47388,0,0,497
902,68,43,8481,95040,8481,0,0,0,86559,86559,0,0,0,55940,0,47459,0,0,497
903,73,40,8413,95080,8413,0,0,0,86667,86667,0,0,0,55940,0,47527,0,0,497
904,73,41,8340,95121,8340,0,0,0,86781,86781,0,0,0,55940,0,47600,0,0,497
905,70,39,8267,95160,8267,0,0,0,86893,86893,0,0,0,55940,0,47673,0,0,497
906,73,38,8197,95198,8197,0,0,0,87001,87001,0,0,0,55940,0,47743,0,0,497
907,77,42,8124,95240,8124,0,0,0,87116,87116,0,0,0,55940,0,47816,0,0,497
908,67,45,8047,95285,8047,0,0,0,87238,87238,0,0,0,55940,0,47893,0,0,497
909,69,45,7980,95330,7980,0,0,0,87350,87350,0,0,0,55940,0,47960,0,0,497
910,60,37,7911,95367,7911,0,0,0,87456,87456,0,0,0,55940,0,48029,0,0,497
911,73,43,7851,95410,7851,0,0,0,87559,87559,0,0,0,55940,0,48089,0,0,497
912,68,38,7778,95448,7778,0,0,0,87670,87670,0,0,0,55940,0,48162,0,0,497
913,66,46,7710,95494,7710,0,0,0,87784,87784,0,0,0,55940,0,48230,0,0,497
914,60,38,7644,95532,7644,0,0,0,87888,87888,0,0,0,55940,0,48296,0,0,497
915,73,42,7584,95574,7584,0,0,0,87990,87990,0,0,0,55940,0,48356,0,0,497
916,65,39,7511,95613,7511,0,0,0,88102,88102,0,0,0,55940,0,48429,0,0,497
917,69,42,7446,95655,7446,0,0,0,88209,88209,0,0,0,55940,0,48494,0,0,497
918,60,40,7377,95695,7377,0,0,0,88318,88318,0,0,0,55940,0,48563,0,0,497
919,73,43,7317,95738,7317,0,0,0,88421,88421,0,0,0,55940,0,48623,0,0,497
920,60,38,7244,95776,7244,0,0,0,88532,88532,0,0,0,55940,0,48696,0,0,497
921,60,44,7184,95820,7184,0,0,0,88636,88636,0,0,0,55940,0,48756,0,0,497
922,70,40,7124,95860,7124,0,0,0,88736,88736,0,0,0,55940,0,48816,0,0,497
923,71,42,7054,95902,7054,0,0,0,88848,88848,0,0,0,55940,0,48886,0,0,497
924,60,43,6983,95945,6983,0,0,0,88962,88962,0,0,0,55940,0,48957,0,0,497
925,64,44,6923,95989,6923,0,0,0,89066,89066,0,0,0,55940,0,49017,0,0,497
926,67,37,6859,96026,6859,0,0,0,89167,89167,0,0,0,55940,0,49081,0,0,497
927,69,37,6792,96063,6792,0,0,0,89271,89271,0,0,0,55940,0,49148,0,0,497
928,62,36,6723,96099,6723,0,0,0,89376,89376,0,0,0,55940,0,49217,0,0,497
929,63,36,6661,96135,6661,0,0,0,89474,89474,0,0,0,55940,0,49279,0,0,497
930,66,39,6598,96174,6598,0,0,0,89576,89576,0,0,0,55940,0,49342,0,0,497
931,66,43,6532,96217,6532,0,0,0,89685,89685,0,0,0,55940,0,49408,0,0,497
932,67,42,6466,96259,6466,0,0,0,89793,89793,0,0,0,55940,0,49474,0,0,497
933,63,38,6399,96297,6399,0,0,0,89898,89898,0,0,0,55940,0,49541,0,0,497
934,56,39,6336,96336,6336,0,0,0,90000,90000,0,0,0,55940,0,49604,0,0,497
935,68,41,6280,96377,6280,0,0,0,90097,90097,0,0,0,55940,0,49660,0,0,497
936,67,41,6212,96418,6212,0,0,0,90206,90206,0,0,0,55940,0,49728,0,0,497
937,65,34,6145,96452,6145,0,0,0,90307,90307,0,0,0,55940,0,49795,0,0,497
938,55,37,6080,96489,6080,0,0,0,90409,90409,0,0,0,55940,0,49860,0,0,497
939,56,40,6025,96529,6025,0,0,0,90504,90504,0,0,0,55940,0,49915,0,0,497
940,64,35,5969,96564,5969,0,0,0,90595,90595,0,0,0,55940,0,49971,0,0,497
941,53,36,5905,96600,5905,0,0,0,90695,90695,0,0,0,55940,0,50035,0,0,497
942,67,40,5852,96640,5852,0,0,0,90788,90788,0,0,0,55940,0,50088,0,0,497
943,58,40,5785,96680,5785,0,0,0,90895,90895,0,0,0,55940,0,50155,0,0,497
944,62,39,5727,96719,5727,0,0,0,90992,90992,0,0,0,55940,0,50213,0,0,497
945,65,38,5665,96757,5665,0,0,0,91092,91092,0,0,0,55940,0,50275,0,0,497
946,57,33,5600,96790,5600,0,0,0,91190,91190,0,0,0,55940,0,50340,0,0,497
947,56,34,5543,96824,5543,0,0,0,91281,91281,0,0,0,55940,0,50397,0,0,497
948,60,35,5487,96859,5487,0,0,0,91372,91372,0,0,0,55940,0,50453,0,0,497
949,59,35,5427,96894,5427,0,0,0,91467,91467,0,0,0,55940,0,50513,0,0,497
950,57,35,5368,96929,5368,0,0,0,91561,91561,0,0,0,55940,0,50572,0,0,497
951,59,36,5311,96965,5311,0,0,0,91654,91654,0,0,0,55940,0,50629,0,0,497
952,63,34,5252,96999,5252,0,0,0,91747,91747,0,0,0,55940,0,50688,0,0,497
953,57,36,5189,97035,5189,0,0,0,91846,91846,0,0,0,55940,0,50751,0,0,497
954,53,33,5132,97068,5132,0,0,0,91936,91936,0,0,0,55940,0,50808,0,0,497
955,55,32,5079,97100,5079,0,0,0,92021,92021,0,0,0,55940,0,50861,0,0,497
956,55,31,5024,97131,5024,0,0,0,92107,92107,0,0,0,55940,0,50916,0,0,497
957,51,31,4969,97162,4969,0,0,0,92193,92193,0,0,0,55940,0,50971,0,0,497
958,51,36,4918,97198,4918,0,0,0,92280,92280,0,0,0,55940,0,51022,0,0,497
959,58,33,4867,97231,4867,0,0,0,92364,92364,0,0,0,55940,0,51073,0,0,497
960,53,31,4809,97262,4809,0,0,0,92453,92453,0,0,0,55940,0,51131,0,0,497
961,61,35,4756,97297,4756,0,0,0,92541,92541,0,0,0,55940,0,51184,0,0,497
962,52,33,4695,97330,4695,0,0,0,92635,92635,0,0,0,55940,0,51245,0,0,497
963,49,29,4643,97359,4643,0,0,0,92716,92716,0,0,0,55940,0,51297,0,0,497
964,58,31,4594,97390,4594,0,0,0,92796,92796,0,0,0,55940,0,51346,0,0,497
965,59,30,4536,97420,4536,0,0,0,92884,92884,0,0,0,55940,0,51404,0,0,497
966,51,33,4477,97453,4477,0,0,0,92976,92976,0,0,0,55940,0,51463,0,0,497
967,50,30,4426,97483,4426,0,0,0,93057,93057,0,0,0,55940,0,51514,0,0,497
968,50,28,4376,97511,4376,0,0,0,93135,93135,0,0,0,55940,0,51564,0,0,497
969,54,28,4326,97539,4326,0,0,0,93213,93213,0,0,0,55940,0,51614,0,0,497
970,53,32,4272,97571,4272,0,0,0,93299,93299,0,0,0,55940,0,51668,0,0,497
971,50,28,4219,97599,4219,0,0,0,93380,93380,0,0,0,55940,0,51721,0,0,497
972,47,34,4169,97633,4169,0,0,0,93464,93464,0,0,0,55940,0,51771,0,0,497
973,52,28,4122,97661,4122,0,0,0,93539,93539,0,0,0,55940,0,51818,0,0,497
974,58,32,4070,97693,4070,0,0,0,93623,93623,0,0,0,55940,0,51870,0,0,497
975,54,30,4012,97723,4012,0,0,0,93711,93711,0,0,0,55940,0,51928,0,0,497
976,52,30,3958,97753,3958,0,0,0,93795,93795,0,0,0,55940,0,51982,0,0,497
977,47,27,3906,97780,3906,0,0,0,93874,93874,0,0,0,55940,0,52034,0,0,497
978,48,32,3859,97812,3859,0,0,0,93953,93953,0,0,0,55940,0,52081,0,0,497
979,49,33,3811,97845,3811,0,0,0,94034,94034,0,0,0,55940,0,52129,0,0,497
980,54,26,3762,97871,3762,0,0,0,94109,94109,0,0,0,55940,0,52178,0,0,497
981,55,27,3708,97898,3708,0,0,0,94190,94190,0,0,0,55940,0,52232,0,0,497
982,55,32,3653,97930,3653,0,0,0,94277,94277,0,0,0,55940,0,52287,0,0,497
983,56,30,3598,97960,3598,0,0,0,94362,94362,0,0,0,55940,0,52342,0,0,497
984,56,27,3542,97987,3542,0,0,0,94445,94445,0,0,0,55940,0,52398,0,0,497
985,55,27,3486,98014,3486,0,0,0,94528,94528,0,0,0,55940,0,52454,0,0,497
986,44,30,3431,98044,3431,0,0,0,94613,94613,0,0,0,55940,0,52509,0,0,497
987,45,30,3387,98074,3387,0,0,0,94687,94687,0,0,0,55940,0,52553,0,0,497
988,47,29,3342,98103,3342,0,0,0,94761,94761,0,0,0,55940,0,52598,0,0,497
989,49,32,3295,98135,3295,0,0,0,94840,94840,0,0,0,55940,0,52645,0,0,497
990,44,28,3246,98163,3246,0,0,0,94917,94917,0,0,0,55940,0,52694,0,0,497
991,52,27,3202,98190,3202,0,0,0,94988,94988,0,0,0,55940,0,52738,0,0,497
992,49,28,3150,98218,3150,0,0,0,95068,95068,0,0,0,55940,0,52790,0,0,497
993,48,27,3101,98245,3101,0,0,0,95144,95144,0,0,0,55940,0,52839,0,0,497
994,44,26,3053,98271,3053,0,0,0,95218,95218,0,0,0,55940,0,52887,0,0,497
995,45,25,3009,98296,3009,0,0,0,95287,95287,0,0,0,55940,0,52931,0,0,497
996,43,27,2964,98323,2964,0,0,0,95359,95359,0,0,0,55940,0,52976,0,0,497
997,51,29,2921,98352,2921,0,0,0,95431,95431,0,0,0,55940,0,53019,0,0,497
998,48,24,2870,98376,2870,0,0,0,95506,95506,0,0,0,55940,0,53070,0,0,497
999,49,27,2822,98403,2822,0,0,0,95581,95581,0,0,0,55940,0,53118,0,0,497
1000,44,28,2773,98431,2773,0,0,0,95658,95658,0,0,0,55940,0,53167,0,0,497
1001,45,28,2729,98459,2729,0,0,0,95730,95730,0,0,0,55940,0,53211,0,0,497
1002,45,28,2684,98487,2684,0,0,0,95803,95803,0,0,0,55940,0,53256,0,0,497
1003,49,29,2639,98516,2639,0,0,0,95877,95877,0,0,0,55940,0,53301,0,0,497
1004,49,28,2590,98544,2590,0,0,0,95954,95954,0,0,0,55940,0,53350,0,0,497
1005,42,24,2541,98568,2541,0,0,0,96027,96027,0,0,0,55940,0,53399,0,0,497
1006,50,26,2499,98594,2499,0,0,0,96095,96095,0,0,0,55940,0,53441,0,0,497
1007,41,27,2449,98621,2449,0,0,0,96172,96172,0,0,0,55940,0,53491,0,0,497
1008,49,24,2408,98645,2408,0,0,0,96237,96237,0,0,0,55940,0,53532,0,0,497
1009,40,23,2359,98668,2359,0,0,0,96309,96309,0,0,0,55940,0,53581,0,0,497
1010,42,24,2319,98692,2319,0,0,0,96373,96373,0,0,0,55940,0,53621,0,0,497
1011,48,25,2277,98717,2277,0,0,0,96440,96440,0,0,0,55940,0,53663,0,0,497
1012,41,25,2229,98742,2229,0,0,0,96513,96513,0,0,0,55940,0,53711,0,0,497
1013,43,23,2188,98765,2188,0,0,0,96577,96577,0,0,0,55940,0,53752,0,0,497
1014,43,27,2145,98792,2145,0,0,0,96647,96647,0,0,0,55940,0,53795,0,0,497
1015,41,27,2102,98819,2102,0,0,0,96717,96717,0,0,0,55940,0,53838,0,0,497
1016,45,23,2061,98842,2061,0,0,0,96781,96781,0,0,0,55940,0,53879,0,0,497
1017,46,27,2016,98869,2016,0,0,0,96853,96853,0,0,0,55940,0,53924,0,0,497
1018,47,22,1970,98891,1970,0,0,0,96921,96921,0,0,0,55940,0,53970,0,0,497
1019,41,27,1923,98918,1923,0,0,0,96995,96995,0,0,0,55940,0,54017,0,0,497
1020,43,27,1882,98945,1882,0,0,0,97063,97063,0,0,0,55940,0,54058,0,0,497
1021,40,21,1839,98966,1839,0,0,0,97127,97127,0,0,0,55940,0,54101,0,0,497
1022,39,26,1799,98992,1799,0,0,0,97193,97193,0,0,0,55940,0,54141,0,0,497
1023,38,27,1760,99019,1760,0,0,0,97259,97259,0,0,0,55940,0,54180,0,0,497
1024,46,26,1722,99045,1722,0,0,0,97323,97323,0,0,0,55940,0,54218,0,0,497
1025,45,26,1676,99071,1676,0,0,0,97395,97395,0,0,0,55940,0,54264,0,0,497
1026,44,24,1631,99095,1631,0,0,0,97464,97464,0,0,0,55940,0,54309,0,0,497
1027,41,21,1587,99116,1587,0,0,0,97529,97529,0,0,0,55940,0,54353,0,0,497
1028,41,25,1546,99141,1546,0,0,0,97595,97595,0,0,0,55940,0,54394,0,0,497
1029,41,24,1505,99165,1505,0,0,0,97660,97660,0,0,0,55940,0,54435,0,0,497
1030,41,24,1464,99189,1464,0,0,0,97725,97725,0,0,0,55940,0,54476,0,0,497
1031,39,23,1423,99212,1423,0,0,0,97789,97789,0,0,0,55940,0,54517,0,0,497
1032,36,23,1384,99235,1384,0,0,0,97851,97851,0,0,0,55940,0,54556,0,0,497
1033,36,21,1348,99256,1348,0,0,0,97908,97908,0,0,0,55940,0,54592,0,0,497
1034,44,24,1312,99280,1312,0,0,0,97968,97968,0,0,0,55940,0,54628,0,0,497
1035,39,20,1268,99300,1268,0,0,0,98032,98032,0,0,0,55940,0,54672,0,0,497
1036,43,24,1229,99324,1229,0,0,0,98095,98095,0,0,0,55940,0,54711,0,0,497
1037,36,24,1186,99348,1186,0,0,0,98162,98162,0,0,0,55940,0,54754,0,0,497
1038,39,22,1150,99370,1150,0,0,0,98220,98220,0,0,0,55940,0,54790,0,0,497
1039,36,22,1111,99392,1111,0,0,0,98281,98281,0,0,0,55940,0,54829,0,0,497
1040,36,21,1075,99413,1075,0,0,0,98338,98338,0,0,0,55940,0,54865,0,0,497
1041,34,24,1039,99437,1039,0,0,0,98398,98398,0,0,0,55940,0,54901,0,0,497
1042,35,23,1005,99460,1005,0,0,0,98455,98455,0,0,0,55940,0,54935,0,0,497
1043,42,21,970,99481,970,0,0,0,98511,98511,0,0,0,55940,0,54970,0,0,497
1044,36,20,928,99501,928,0,0,0,98573,98573,0,0,0,55940,0,55012,0,0,497
1045,38,20,892,99521,892,0,0,0,98629,98629,0,0,0,55940,0,55048,0,0,497
1046,37,21,854,99542,854,0,0,0,98688,98688,0,0,0,55940,0,55086,0,0,497
1047,36,23,817,99565,817,0,0,0,98748,98748,0,0,0,55940,0,55123,0,0,497
1048,37,22,781,99587,781,0,0,0,98806,98806,0,0,0,55940,0,55159,0,0,497
1049,34,20,744,99607,744,0,0,0,98863,98863,0,0,0,55940,0,55196,0,0,497
1050,41,23,710,99630,710,0,0,0,98920,98920,0,0,0,55940,0,55230,0,0,497
1051,39,20,669,99650,669,0,0,0,98981,98981,0,0,0,55940,0,55271,0,0,497
1052,38,22,630,99672,630,0,0,0,99042,99042,0,0,0,55940,0,55310,0,0,497
1053,36,19,592,99691,592,0,0,0,99099,99099,0,0,0,55940,0,55348,0,0,497
1054,33,21,556,99712,556,0,0,0,99156,99156,0,0,0,55940,0,55384,0,0,497
1055,39,22,523,99734,523,0,0,0,99211,99211,0,0,0,55940,0,55417,0,0,497
1056,34,19,484,99753,484,0,0,0,99269,99269,0,0,0,55940,0,55456,0,0,497
1057,32,21,450,99774,450,0,0,0,99324,99324,0,0,0,55940,0,55490,0,0,497
1058,34,22,418,99796,418,0,0,0,99378,99378,0,0,0,55940,0,55522,0,0,497
1059,37,18,384,99814,384,0,0,0,99430,99430,0,0,0,55940,0,55556,0,0,497
1060,36,18,347,99832,347,0,0,0,99485,99485,0,0,0,55940,0,55593,0,0,497
1061,37,21,311,99853,311,0,0,0,99542,99542,0,0,0,55940,0,55629,0,0,497
1062,37,19,274,99872,274,0,0,0,99598,99598,0,0,0,55940,0,55666,0,0,497
1063,32,17,237,99889,237,0,0,0,99652,99652,0,0,0,55940,0,55703,0,0,497
1064,38,19,205,99908,205,0,0,0,99703,99703,0,0,0,55940,0,55735,0,0,497
1065,33,20,167,99928,167,0,0,0,99761,99761,0,0,0,55940,0,55773,0,0,497
1066,35,18,134,99946,134,0,0,0,99812,99812,0,0,0,55940,0,55806,0,0,497
1067,30,18,99,99964,99,0,0,0,99865,99865,0,0,0,55940,0,55841,0,0,497
1068,37,21,69,99985,69,0,0,0,99916,99916,0,0,0,55940,0,55871,0,0,497
1069,32,19,32,100004,32,0,0,0,99972,99972,0,0,0,55940,0,55908,0,0,497
