ts_recv,ts_event,rtype,publisher_id,instrument_id,action,side,depth,price,size,flags,ts_in_delta,sequence,bid_px_00,ask_px_00,bid_sz_00,ask_sz_00,bid_ct_00,ask_ct_00,bid_px_01,ask_px_01,bid_sz_01,ask_sz_01,bid_ct_01,ask_ct_01,bid_px_02,ask_px_02,bid_sz_02,ask_sz_02,bid_ct_02,ask_ct_02,bid_px_03,ask_px_03,bid_sz_03,ask_sz_03,bid_ct_03,ask_ct_03,bid_px_04,ask_px_04,bid_sz_04,ask_sz_04,bid_ct_04,ask_ct_04,bid_px_05,ask_px_05,bid_sz_05,ask_sz_05,bid_ct_05,ask_ct_05,bid_px_06,ask_px_06,bid_sz_06,ask_sz_06,bid_ct_06,ask_ct_06,bid_px_07,ask_px_07,bid_sz_07,ask_sz_07,bid_ct_07,ask_ct_07,bid_px_08,ask_px_08,bid_sz_08,ask_sz_08,bid_ct_08,ask_ct_08,bid_px_09,ask_px_09,bid_sz_09,ask_sz_09,bid_ct_09,ask_ct_09,symbol
2026-06-01 09:30:00.009379239-04:00,2026-06-01 13:30:00.009206756+00:00,10,2,38,C,A,0,309.82,80,128,172483,49479191,309.2,309.88,5,30,3,1,309.15,309.98,50,39,1,1,309.07,309.99,1,16,1,1,309.05,310.1,10,5,1,1,309.03,310.17,200,30,1,1,309.0,310.19,859,300,32,1,308.99,310.2,30,1,1,1,308.95,310.25,16,500,1,1,308.94,310.29,2,19,2,2,308.91,310.3,3,9,1,1,AAPL
2026-06-01 09:30:00.010298537-04:00,2026-06-01 13:30:00.010120220+00:00,10,2,38,A,A,1,309.94,16,128,178317,49480094,309.2,309.88,5,30,3,1,309.15,309.94,50,16,1,1,309.07,309.98,1,39,1,1,309.05,310.1,10,5,1,1,309.03,310.17,200,30,1,1,309.0,310.19,859,300,32,1,308.99,310.2,30,1,1,1,308.95,310.25,16,500,1,1,308.94,310.29,2,19,2,2,308.91,310.3,3,9,1,1,AAPL
2026-06-01 09:30:00.026459064-04:00,2026-06-01 13:30:00.026287682+00:00,10,2,38,T,N,0,309.31,100,128,171382,49493439,309.2,309.88,5,30,3,1,309.15,309.94,50,16,1,1,309.07,309.98,1,39,1,1,309.05,310.1,10,5,1,1,309.03,310.17,200,30,1,1,309.0,310.19,859,300,32,1,308.99,310.2,30,1,1,1,308.95,310.25,16,500,1,1,308.94,310.29,2,19,2,2,308.91,310.3,3,9,1,1,AAPL
2026-06-01 09:30:00.026503799-04:00,2026-06-01 13:30:00.026320906+00:00,10,2,38,T,N,0,309.31,85,128,182893,49493464,309.2,309.88,5,30,3,1,309.15,309.94,50,16,1,1,309.07,309.98,1,39,1,1,309.05,310.1,10,5,1,1,309.03,310.17,200,30,1,1,309.0,310.19,859,300,32,1,308.99,310.2,30,1,1,1,308.95,310.25,16,500,1,1,308.94,310.29,2,19,2,2,308.91,310.3,3,9,1,1,AAPL
2026-06-01 09:30:00.031531048-04:00,2026-06-01 13:30:00.031360659+00:00,10,2,38,A,A,0,309.76,35,128,170389,49498035,309.2,309.76,5,35,3,1,309.15,309.88,50,30,1,1,309.07,309.94,1,16,1,1,309.05,309.98,10,39,1,1,309.03,310.1,200,5,1,1,309.0,310.17,859,30,32,1,308.99,310.19,30,300,1,1,308.95,310.2,16,1,1,1,308.94,310.25,2,500,2,1,308.91,310.29,3,19,1,2,AAPL
2026-06-01 09:30:00.036946333-04:00,2026-06-01 13:30:00.036767356+00:00,10,2,38,C,A,0,309.76,35,128,178977,49503087,309.2,309.88,5,30,3,1,309.15,309.94,50,16,1,1,309.07,309.98,1,39,1,1,309.05,310.1,10,5,1,1,309.03,310.17,200,30,1,1,309.0,310.19,859,300,32,1,308.99,310.2,30,1,1,1,308.95,310.25,16,500,1,1,308.94,310.29,2,19,2,2,308.91,310.3,3,9,1,1,AAPL
2026-06-01 09:30:00.037750361-04:00,2026-06-01 13:30:00.037582558+00:00,10,2,38,A,A,0,309.81,70,128,167803,49503915,309.2,309.81,5,70,3,1,309.15,309.88,50,30,1,1,309.07,309.94,1,16,1,1,309.05,309.98,10,39,1,1,309.03,310.1,200,5,1,1,309.0,310.17,859,30,32,1,308.99,310.19,30,300,1,1,308.95,310.2,16,1,1,1,308.94,310.25,2,500,2,1,308.91,310.29,3,19,1,2,AAPL
2026-06-01 09:30:00.038197665-04:00,2026-06-01 13:30:00.038028088+00:00,10,2,38,A,A,0,309.81,66,128,169577,49504318,309.2,309.81,5,136,3,2,309.15,309.88,50,30,1,1,309.07,309.94,1,16,1,1,309.05,309.98,10,39,1,1,309.03,310.1,200,5,1,1,309.0,310.17,859,30,32,1,308.99,310.19,30,300,1,1,308.95,310.2,16,1,1,1,308.94,310.25,2,500,2,1,308.91,310.29,3,19,1,2,AAPL
2026-06-01 09:30:00.056164720-04:00,2026-06-01 13:30:00.055967874+00:00,10,2,38,C,A,0,309.81,70,128,196846,49513204,309.2,309.81,5,66,3,1,309.15,309.88,50,30,1,1,309.07,309.94,1,16,1,1,309.05,309.98,10,39,1,1,309.03,310.1,200,5,1,1,309.0,310.17,859,30,32,1,308.99,310.19,30,300,1,1,308.95,310.2,16,1,1,1,308.94,310.25,2,500,2,1,308.91,310.29,3,19,1,2,AAPL
2026-06-01 09:30:00.056278610-04:00,2026-06-01 13:30:00.056104557+00:00,10,2,38,C,A,0,309.81,66,128,174053,49513390,309.2,309.88,5,30,3,1,309.15,309.94,50,16,1,1,309.07,309.98,1,39,1,1,309.05,310.1,10,5,1,1,309.03,310.17,200,30,1,1,309.0,310.19,859,300,32,1,308.99,310.2,30,1,1,1,308.95,310.25,16,500,1,1,308.94,310.29,2,19,2,2,308.91,310.3,3,9,1,1,AAPL
2026-06-01 09:30:00.087360315-04:00,2026-06-01 13:30:00.087190668+00:00,10,2,38,A,B,7,308.96,40,128,169647,49521228,309.2,309.88,5,30,3,1,309.15,309.94,50,16,1,1,309.07,309.98,1,39,1,1,309.05,310.1,10,5,1,1,309.03,310.17,200,30,1,1,309.0,310.19,859,300,32,1,308.99,310.2,30,1,1,1,308.96,310.25,40,500,1,1,308.95,310.29,16,19,1,2,308.94,310.3,2,9,2,1,AAPL
2026-06-01 09:30:00.087362980-04:00,2026-06-01 13:30:00.087192056+00:00,10,2,38,A,B,7,308.96,40,128,170924,49521229,309.2,309.88,5,30,3,1,309.15,309.94,50,16,1,1,309.07,309.98,1,39,1,1,309.05,310.1,10,5,1,1,309.03,310.17,200,30,1,1,309.0,310.19,859,300,32,1,308.99,310.2,30,1,1,1,308.96,310.25,80,500,2,1,308.95,310.29,16,19,1,2,308.94,310.3,2,9,2,1,AAPL
2026-06-01 09:30:00.087981768-04:00,2026-06-01 13:30:00.087807118+00:00,10,2,38,A,A,8,310.28,40,128,174650,49521728,309.2,309.88,5,30,3,1,309.15,309.94,50,16,1,1,309.07,309.98,1,39,1,1,309.05,310.1,10,5,1,1,309.03,310.17,200,30,1,1,309.0,310.19,859,300,32,1,308.99,310.2,30,1,1,1,308.96,310.25,80,500,2,1,308.95,310.28,16,40,1,1,308.94,310.29,2,19,2,2,AAPL
2026-06-01 09:30:00.088018332-04:00,2026-06-01 13:30:00.087844801+00:00,10,2,38,A,B,7,308.96,40,128,173531,49521765,309.2,309.88,5,30,3,1,309.15,309.94,50,16,1,1,309.07,309.98,1,39,1,1,309.05,310.1,10,5,1,1,309.03,310.17,200,30,1,1,309.0,310.19,859,300,32,1,308.99,310.2,30,1,1,1,308.96,310.25,120,500,3,1,308.95,310.28,16,40,1,1,308.94,310.29,2,19,2,2,AAPL
2026-06-01 09:30:00.092719483-04:00,2026-06-01 13:30:00.092544296+00:00,10,2,38,A,A,0,309.76,22,128,175187,49527350,309.2,309.76,5,22,3,1,309.15,309.88,50,30,1,1,309.07,309.94,1,16,1,1,309.05,309.98,10,39,1,1,309.03,310.1,200,5,1,1,309.0,310.17,859,30,32,1,308.99,310.19,30,300,1,1,308.96,310.2,120,1,3,1,308.95,310.25,16,500,1,1,308.94,310.28,2,40,2,1,AAPL
2026-06-01 09:30:00.101278605-04:00,2026-06-01 13:30:00.101104817+00:00,10,2,38,T,N,0,309.31,200,128,173788,49538791,309.2,309.76,5,22,3,1,309.15,309.88,50,30,1,1,309.07,309.94,1,16,1,1,309.05,309.98,10,39,1,1,309.03,310.1,200,5,1,1,309.0,310.17,859,30,32,1,308.99,310.19,30,300,1,1,308.96,310.2,120,1,3,1,308.95,310.25,16,500,1,1,308.94,310.28,2,40,2,1,AAPL
2026-06-01 09:30:00.101741622-04:00,2026-06-01 13:30:00.101567604+00:00,10,2,38,T,N,0,309.31,100,128,174018,49539461,309.2,309.76,5,22,3,1,309.15,309.88,50,30,1,1,309.07,309.94,1,16,1,1,309.05,309.98,10,39,1,1,309.03,310.1,200,5,1,1,309.0,310.17,859,30,32,1,308.99,310.19,30,300,1,1,308.96,310.2,120,1,3,1,308.95,310.25,16,500,1,1,308.94,310.28,2,40,2,1,AAPL
2026-06-01 09:30:00.109293272-04:00,2026-06-01 13:30:00.109125573+00:00,10,2,38,T,N,0,309.31,100,128,167699,49544896,309.2,309.76,5,22,3,1,309.15,309.88,50,30,1,1,309.07,309.94,1,16,1,1,309.05,309.98,10,39,1,1,309.03,310.1,200,5,1,1,309.0,310.17,859,30,32,1,308.99,310.19,30,300,1,1,308.96,310.2,120,1,3,1,308.95,310.25,16,500,1,1,308.94,310.28,2,40,2,1,AAPL
2026-06-01 09:30:00.114062951-04:00,2026-06-01 13:30:00.113892614+00:00,10,2,38,T,N,0,309.31,100,128,170337,49549866,309.2,309.76,5,22,3,1,309.15,309.88,50,30,1,1,309.07,309.94,1,16,1,1,309.05,309.98,10,39,1,1,309.03,310.1,200,5,1,1,309.0,310.17,859,30,32,1,308.99,310.19,30,300,1,1,308.96,310.2,120,1,3,1,308.95,310.25,16,500,1,1,308.94,310.28,2,40,2,1,AAPL
2026-06-01 09:30:00.124954462-04:00,2026-06-01 13:30:00.124776316+00:00,10,2,38,T,N,0,309.31,200,128,178146,49556722,309.2,309.76,5,22,3,1,309.15,309.88,50,30,1,1,309.07,309.94,1,16,1,1,309.05,309.98,10,39,1,1,309.03,310.1,200,5,1,1,309.0,310.17,859,30,32,1,308.99,310.19,30,300,1,1,308.96,310.2,120,1,3,1,308.95,310.25,16,500,1,1,308.94,310.28,2,40,2,1,AAPL
2026-06-01 09:30:00.125189704-04:00,2026-06-01 13:30:00.125015178+00:00,10,2,38,T,N,0,309.31,200,128,174526,49556936,309.2,309.76,5,22,3,1,309.15,309.88,50,30,1,1,309.07,309.94,1,16,1,1,309.05,309.98,10,39,1,1,309.03,310.1,200,5,1,1,309.0,310.17,859,30,32,1,308.99,310.19,30,300,1,1,308.96,310.2,120,1,3,1,308.95,310.25,16,500,1,1,308.94,310.28,2,40,2,1,AAPL
2026-06-01 09:30:00.125600794-04:00,2026-06-01 13:30:00.125421737+00:00,10,2,38,T,N,0,309.31,100,128,179057,49557324,309.2,309.76,5,22,3,1,309.15,309.88,50,30,1,1,309.07,309.94,1,16,1,1,309.05,309.98,10,39,1,1,309.03,310.1,200,5,1,1,309.0,310.17,859,30,32,1,308.99,310.19,30,300,1,1,308.96,310.2,120,1,3,1,308.95,310.25,16,500,1,1,308.94,310.28,2,40,2,1,AAPL
2026-06-01 09:30:00.136239342-04:00,2026-06-01 13:30:00.136065801+00:00,10,2,38,A,A,7,310.2,200,128,173541,49561525,309.2,309.76,5,22,3,1,309.15,309.88,50,30,1,1,309.07,309.94,1,16,1,1,309.05,309.98,10,39,1,1,309.03,310.1,200,5,1,1,309.0,310.17,859,30,32,1,308.99,310.19,30,300,1,1,308.96,310.2,120,201,3,2,308.95,310.25,16,500,1,1,308.94,310.28,2,40,2,1,AAPL
2026-06-01 09:30:00.136996625-04:00,2026-06-01 13:30:00.136793468+00:00,10,2,38,C,A,2,309.94,16,128,203157,49562185,309.2,309.76,5,22,3,1,309.15,309.88,50,30,1,1,309.07,309.98,1,39,1,1,309.05,310.1,10,5,1,1,309.03,310.17,200,30,1,1,309.0,310.19,859,300,32,1,308.99,310.2,30,201,1,2,308.96,310.25,120,500,3,1,308.95,310.28,16,40,1,1,308.94,310.29,2,19,2,2,AAPL
2026-06-01 09:30:00.138519003-04:00,2026-06-01 13:30:00.138345992+00:00,10,2,38,T,N,0,309.31,200,128,173011,49563881,309.2,309.76,5,22,3,1,309.15,309.88,50,30,1,1,309.07,309.98,1,39,1,1,309.05,310.1,10,5,1,1,309.03,310.17,200,30,1,1,309.0,310.19,859,300,32,1,308.99,310.2,30,201,1,2,308.96,310.25,120,500,3,1,308.95,310.28,16,40,1,1,308.94,310.29,2,19,2,2,AAPL
2026-06-01 09:30:00.139815971-04:00,2026-06-01 13:30:00.139642143+00:00,10,2,38,T,N,0,309.31,2911,0,173828,49565105,309.2,309.76,5,22,3,1,309.15,309.88,50,30,1,1,309.07,309.98,1,39,1,1,309.05,310.1,10,5,1,1,309.03,310.17,200,30,1,1,309.0,310.19,859,300,32,1,308.99,310.2,30,201,1,2,308.96,310.25,120,500,3,1,308.95,310.28,16,40,1,1,308.94,310.29,2,19,2,2,AAPL
2026-06-01 09:30:00.139815971-04:00,2026-06-01 13:30:00.139642143+00:00,10,2,38,T,N,0,309.37,3375,0,173828,49565106,309.2,309.76,5,22,3,1,309.15,309.88,50,30,1,1,309.07,309.98,1,39,1,1,309.05,310.1,10,5,1,1,309.03,310.17,200,30,1,1,309.0,310.19,859,300,32,1,308.99,310.2,30,201,1,2,308.96,310.25,120,500,3,1,308.95,310.28,16,40,1,1,308.94,310.29,2,19,2,2,AAPL
2026-06-01 09:30:00.139815971-04:00,2026-06-01 13:30:00.139642143+00:00,10,2,38,T,B,0,309.76,22,0,173828,49565107,309.2,309.76,5,22,3,1,309.15,309.88,50,30,1,1,309.07,309.98,1,39,1,1,309.05,310.1,10,5,1,1,309.03,310.17,200,30,1,1,309.0,310.19,859,300,32,1,308.99,310.2,30,201,1,2,308.96,310.25,120,500,3,1,308.95,310.28,16,40,1,1,308.94,310.29,2,19,2,2,AAPL
2026-06-01 09:30:00.139815971-04:00,2026-06-01 13:30:00.139642143+00:00,10,2,38,T,N,0,309.76,200,128,173828,49565108,309.2,309.88,5,30,3,1,309.15,309.98,50,39,1,1,309.07,310.1,1,5,1,1,309.05,310.17,10,30,1,1,309.03,310.19,200,300,1,1,309.0,310.2,859,201,32,2,308.99,310.25,30,500,1,1,308.96,310.28,120,40,3,1,308.95,310.29,16,19,1,2,308.94,310.3,2,9,2,1,AAPL
2026-06-01 09:30:00.141384872-04:00,2026-06-01 13:30:00.141214112+00:00,10,2,38,A,B,0,309.21,70,128,170760,49566900,309.21,309.88,70,30,1,1,309.2,309.98,5,39,3,1,309.15,310.1,50,5,1,1,309.07,310.17,1,30,1,1,309.05,310.19,10,300,1,1,309.03,310.2,200,201,1,2,309.0,310.25,859,500,32,1,308.99,310.28,30,40,1,1,308.96,310.29,120,19,3,2,308.95,310.3,16,9,1,1,AAPL
2026-06-01 09:30:00.142128566-04:00,2026-06-01 13:30:00.141953465+00:00,10,2,38,T,N,0,309.76,200,128,175101,49567963,309.21,309.88,70,30,1,1,309.2,309.98,5,39,3,1,309.15,310.1,50,5,1,1,309.07,310.17,1,30,1,1,309.05,310.19,10,300,1,1,309.03,310.2,200,201,1,2,309.0,310.25,859,500,32,1,308.99,310.28,30,40,1,1,308.96,310.29,120,19,3,2,308.95,310.3,16,9,1,1,AAPL
2026-06-01 09:30:00.142146368-04:00,2026-06-01 13:30:00.141972413+00:00,10,2,38,A,B,0,309.31,35,128,173955,49567987,309.31,309.88,35,30,1,1,309.21,309.98,70,39,1,1,309.2,310.1,5,5,3,1,309.15,310.17,50,30,1,1,309.07,310.19,1,300,1,1,309.05,310.2,10,201,1,2,309.03,310.25,200,500,1,1,309.0,310.28,859,40,32,1,308.99,310.29,30,19,1,2,308.96,310.3,120,9,3,1,AAPL
2026-06-01 09:30:00.142438293-04:00,2026-06-01 13:30:00.142266673+00:00,10,2,38,A,B,1,309.21,66,128,171620,49568419,309.31,309.88,35,30,1,1,309.21,309.98,136,39,2,1,309.2,310.1,5,5,3,1,309.15,310.17,50,30,1,1,309.07,310.19,1,300,1,1,309.05,310.2,10,201,1,2,309.03,310.25,200,500,1,1,309.0,310.28,859,40,32,1,308.99,310.29,30,19,1,2,308.96,310.3,120,9,3,1,AAPL
2026-06-01 09:30:00.144014502-04:00,2026-06-01 13:30:00.143842148+00:00,10,2,38,T,N,0,309.76,100,128,172354,49570596,309.31,309.88,35,30,1,1,309.21,309.98,136,39,2,1,309.2,310.1,5,5,3,1,309.15,310.17,50,30,1,1,309.07,310.19,1,300,1,1,309.05,310.2,10,201,1,2,309.03,310.25,200,500,1,1,309.0,310.28,859,40,32,1,308.99,310.29,30,19,1,2,308.96,310.3,120,9,3,1,AAPL
2026-06-01 09:30:00.145163153-04:00,2026-06-01 13:30:00.144990672+00:00,10,2,38,T,N,0,309.76,100,128,172481,49572336,309.31,309.88,35,30,1,1,309.21,309.98,136,39,2,1,309.2,310.1,5,5,3,1,309.15,310.17,50,30,1,1,309.07,310.19,1,300,1,1,309.05,310.2,10,201,1,2,309.03,310.25,200,500,1,1,309.0,310.28,859,40,32,1,308.99,310.29,30,19,1,2,308.96,310.3,120,9,3,1,AAPL
2026-06-01 09:30:00.145196916-04:00,2026-06-01 13:30:00.145024911+00:00,10,2,38,C,B,0,309.31,35,128,172005,49572381,309.21,309.88,136,30,2,1,309.2,309.98,5,39,3,1,309.15,310.1,50,5,1,1,309.07,310.17,1,30,1,1,309.05,310.19,10,300,1,1,309.03,310.2,200,201,1,2,309.0,310.25,859,500,32,1,308.99,310.28,30,40,1,1,308.96,310.29,120,19,3,2,308.95,310.3,16,9,1,1,AAPL
2026-06-01 09:30:00.147063625-04:00,2026-06-01 13:30:00.146893769+00:00,10,2,38,C,B,8,308.96,40,128,169856,49574956,309.21,309.88,136,30,2,1,309.2,309.98,5,39,3,1,309.15,310.1,50,5,1,1,309.07,310.17,1,30,1,1,309.05,310.19,10,300,1,1,309.03,310.2,200,201,1,2,309.0,310.25,859,500,32,1,308.99,310.28,30,40,1,1,308.96,310.29,80,19,2,2,308.95,310.3,16,9,1,1,AAPL
2026-06-01 09:30:00.147177716-04:00,2026-06-01 13:30:00.147005043+00:00,10,2,38,C,B,8,308.96,40,128,172673,49575079,309.21,309.88,136,30,2,1,309.2,309.98,5,39,3,1,309.15,310.1,50,5,1,1,309.07,310.17,1,30,1,1,309.05,310.19,10,300,1,1,309.03,310.2,200,201,1,2,309.0,310.25,859,500,32,1,308.99,310.28,30,40,1,1,308.96,310.29,40,19,1,2,308.95,310.3,16,9,1,1,AAPL
2026-06-01 09:30:00.147525526-04:00,2026-06-01 13:30:00.147350932+00:00,10,2,38,T,N,0,309.76,200,128,174594,49575551,309.21,309.88,136,30,2,1,309.2,309.98,5,39,3,1,309.15,310.1,50,5,1,1,309.07,310.17,1,30,1,1,309.05,310.19,10,300,1,1,309.03,310.2,200,201,1,2,309.0,310.25,859,500,32,1,308.99,310.28,30,40,1,1,308.96,310.29,40,19,1,2,308.95,310.3,16,9,1,1,AAPL
2026-06-01 09:30:00.148408222-04:00,2026-06-01 13:30:00.148234366+00:00,10,2,38,A,A,0,309.88,2500,128,173856,49576882,309.21,309.88,136,2530,2,2,309.2,309.98,5,39,3,1,309.15,310.1,50,5,1,1,309.07,310.17,1,30,1,1,309.05,310.19,10,300,1,1,309.03,310.2,200,201,1,2,309.0,310.25,859,500,32,1,308.99,310.28,30,40,1,1,308.96,310.29,40,19,1,2,308.95,310.3,16,9,1,1,AAPL
2026-06-01 09:30:00.148432409-04:00,2026-06-01 13:30:00.148259907+00:00,10,2,38,A,A,2,310.06,1300,128,172502,49576913,309.21,309.88,136,2530,2,2,309.2,309.98,5,39,3,1,309.15,310.06,50,1300,1,1,309.07,310.1,1,5,1,1,309.05,310.17,10,30,1,1,309.03,310.19,200,300,1,1,309.0,310.2,859,201,32,2,308.99,310.25,30,500,1,1,308.96,310.28,40,40,1,1,308.95,310.29,16,19,1,2,AAPL
2026-06-01 09:30:00.148441727-04:00,2026-06-01 13:30:00.148267982+00:00,10,2,38,A,A,7,310.24,1300,128,173745,49576927,309.21,309.88,136,2530,2,2,309.2,309.98,5,39,3,1,309.15,310.06,50,1300,1,1,309.07,310.1,1,5,1,1,309.05,310.17,10,30,1,1,309.03,310.19,200,300,1,1,309.0,310.2,859,201,32,2,308.99,310.24,30,1300,1,1,308.96,310.25,40,500,1,1,308.95,310.28,16,40,1,1,AAPL
2026-06-01 09:30:00.148624716-04:00,2026-06-01 13:30:00.148452443+00:00,10,2,38,T,N,0,309.76,100,128,172273,49577185,309.21,309.88,136,2530,2,2,309.2,309.98,5,39,3,1,309.15,310.06,50,1300,1,1,309.07,310.1,1,5,1,1,309.05,310.17,10,30,1,1,309.03,310.19,200,300,1,1,309.0,310.2,859,201,32,2,308.99,310.24,30,1300,1,1,308.96,310.25,40,500,1,1,308.95,310.28,16,40,1,1,AAPL
2026-06-01 09:30:00.150684340-04:00,2026-06-01 13:30:00.150510271+00:00,10,2,38,A,B,6,309.0,100,128,174069,49580232,309.21,309.88,136,2530,2,2,309.2,309.98,5,39,3,1,309.15,310.06,50,1300,1,1,309.07,310.1,1,5,1,1,309.05,310.17,10,30,1,1,309.03,310.19,200,300,1,1,309.0,310.2,959,201,33,2,308.99,310.24,30,1300,1,1,308.96,310.25,40,500,1,1,308.95,310.28,16,40,1,1,AAPL
2026-06-01 09:30:00.150791549-04:00,2026-06-01 13:30:00.150614970+00:00,10,2,38,C,B,0,309.21,70,128,176579,49580377,309.21,309.88,66,2530,1,2,309.2,309.98,5,39,3,1,309.15,310.06,50,1300,1,1,309.07,310.1,1,5,1,1,309.05,310.17,10,30,1,1,309.03,310.19,200,300,1,1,309.0,310.2,959,201,33,2,308.99,310.24,30,1300,1,1,308.96,310.25,40,500,1,1,308.95,310.28,16,40,1,1,AAPL
2026-06-01 09:30:00.150927898-04:00,2026-06-01 13:30:00.150755346+00:00,10,2,38,C,B,0,309.21,66,128,172552,49580619,309.2,309.88,5,2530,3,2,309.15,309.98,50,39,1,1,309.07,310.06,1,1300,1,1,309.05,310.1,10,5,1,1,309.03,310.17,200,30,1,1,309.0,310.19,959,300,33,1,308.99,310.2,30,201,1,2,308.96,310.24,40,1300,1,1,308.95,310.25,16,500,1,1,308.94,310.28,2,40,2,1,AAPL
2026-06-01 09:30:00.151669054-04:00,2026-06-01 13:30:00.151495946+00:00,10,2,38,T,N,0,309.76,100,128,173108,49581814,309.2,309.88,5,2530,3,2,309.15,309.98,50,39,1,1,309.07,310.06,1,1300,1,1,309.05,310.1,10,5,1,1,309.03,310.17,200,30,1,1,309.0,310.19,959,300,33,1,308.99,310.2,30,201,1,2,308.96,310.24,40,1300,1,1,308.95,310.25,16,500,1,1,308.94,310.28,2,40,2,1,AAPL
2026-06-01 09:30:00.152309075-04:00,2026-06-01 13:30:00.152135277+00:00,10,2,38,T,N,0,309.76,200,128,173798,49582861,309.2,309.88,5,2530,3,2,309.15,309.98,50,39,1,1,309.07,310.06,1,1300,1,1,309.05,310.1,10,5,1,1,309.03,310.17,200,30,1,1,309.0,310.19,959,300,33,1,308.99,310.2,30,201,1,2,308.96,310.24,40,1300,1,1,308.95,310.25,16,500,1,1,308.94,310.28,2,40,2,1,AAPL
2026-06-01 09:30:00.153871853-04:00,2026-06-01 13:30:00.153701935+00:00,10,2,38,T,N,0,309.76,100,128,169918,49585023,309.2,309.88,5,2530,3,2,309.15,309.98,50,39,1,1,309.07,310.06,1,1300,1,1,309.05,310.1,10,5,1,1,309.03,310.17,200,30,1,1,309.0,310.19,959,300,33,1,308.99,310.2,30,201,1,2,308.96,310.24,40,1300,1,1,308.95,310.25,16,500,1,1,308.94,310.28,2,40,2,1,AAPL
2026-06-01 09:30:00.155991913-04:00,2026-06-01 13:30:00.155818290+00:00,10,2,38,T,N,0,309.76,20,128,173623,49587513,309.2,309.88,5,2530,3,2,309.15,309.98,50,39,1,1,309.07,310.06,1,1300,1,1,309.05,310.1,10,5,1,1,309.03,310.17,200,30,1,1,309.0,310.19,959,300,33,1,308.99,310.2,30,201,1,2,308.96,310.24,40,1300,1,1,308.95,310.25,16,500,1,1,308.94,310.28,2,40,2,1,AAPL
2026-06-01 09:30:00.157104030-04:00,2026-06-01 13:30:00.156934126+00:00,10,2,38,T,N,0,309.76,100,128,169904,49588779,309.2,309.88,5,2530,3,2,309.15,309.98,50,39,1,1,309.07,310.06,1,1300,1,1,309.05,310.1,10,5,1,1,309.03,310.17,200,30,1,1,309.0,310.19,959,300,33,1,308.99,310.2,30,201,1,2,308.96,310.24,40,1300,1,1,308.95,310.25,16,500,1,1,308.94,310.28,2,40,2,1,AAPL
2026-06-01 09:30:00.157341770-04:00,2026-06-01 13:30:00.157170366+00:00,10,2,38,T,N,0,309.76,100,128,171404,49589020,309.2,309.88,5,2530,3,2,309.15,309.98,50,39,1,1,309.07,310.06,1,1300,1,1,309.05,310.1,10,5,1,1,309.03,310.17,200,30,1,1,309.0,310.19,959,300,33,1,308.99,310.2,30,201,1,2,308.96,310.24,40,1300,1,1,308.95,310.25,16,500,1,1,308.94,310.28,2,40,2,1,AAPL
2026-06-01 09:30:00.157352977-04:00,2026-06-01 13:30:00.157181452+00:00,10,2,38,T,N,0,309.76,200,128,171525,49589034,309.2,309.88,5,2530,3,2,309.15,309.98,50,39,1,1,309.07,310.06,1,1300,1,1,309.05,310.1,10,5,1,1,309.03,310.17,200,30,1,1,309.0,310.19,959,300,33,1,308.99,310.2,30,201,1,2,308.96,310.24,40,1300,1,1,308.95,310.25,16,500,1,1,308.94,310.28,2,40,2,1,AAPL
2026-06-01 09:30:00.158960801-04:00,2026-06-01 13:30:00.158792405+00:00,10,2,38,T,N,0,309.76,20,128,168396,49591009,309.2,309.88,5,2530,3,2,309.15,309.98,50,39,1,1,309.07,310.06,1,1300,1,1,309.05,310.1,10,5,1,1,309.03,310.17,200,30,1,1,309.0,310.19,959,300,33,1,308.99,310.2,30,201,1,2,308.96,310.24,40,1300,1,1,308.95,310.25,16,500,1,1,308.94,310.28,2,40,2,1,AAPL
2026-06-01 09:30:00.160004769-04:00,2026-06-01 13:30:00.159836749+00:00,10,2,38,T,N,0,309.76,29,128,168020,49591386,309.2,309.88,5,2530,3,2,309.15,309.98,50,39,1,1,309.07,310.06,1,1300,1,1,309.05,310.1,10,5,1,1,309.03,310.17,200,30,1,1,309.0,310.19,959,300,33,1,308.99,310.2,30,201,1,2,308.96,310.24,40,1300,1,1,308.95,310.25,16,500,1,1,308.94,310.28,2,40,2,1,AAPL
2026-06-01 09:30:00.164045041-04:00,2026-06-01 13:30:00.163871711+00:00,10,2,38,C,B,7,308.96,40,128,173330,49594670,309.2,309.88,5,2530,3,2,309.15,309.98,50,39,1,1,309.07,310.06,1,1300,1,1,309.05,310.1,10,5,1,1,309.03,310.17,200,30,1,1,309.0,310.19,959,300,33,1,308.99,310.2,30,201,1,2,308.95,310.24,16,1300,1,1,308.94,310.25,2,500,2,1,308.91,310.28,3,40,1,1,AAPL
2026-06-01 09:30:00.181340595-04:00,2026-06-01 13:30:00.181041514+00:00,10,2,38,C,B,5,309.0,100,128,299081,49608275,309.2,309.88,5,2530,3,2,309.15,309.98,50,39,1,1,309.07,310.06,1,1300,1,1,309.05,310.1,10,5,1,1,309.03,310.17,200,30,1,1,309.0,310.19,859,300,32,1,308.99,310.2,30,201,1,2,308.95,310.24,16,1300,1,1,308.94,310.25,2,500,2,1,308.91,310.28,3,40,1,1,AAPL
2026-06-01 09:30:00.181347632-04:00,2026-06-01 13:30:00.181062898+00:00,10,2,38,A,B,0,309.2,100,128,284734,49608284,309.2,309.88,105,2530,4,2,309.15,309.98,50,39,1,1,309.07,310.06,1,1300,1,1,309.05,310.1,10,5,1,1,309.03,310.17,200,30,1,1,309.0,310.19,859,300,32,1,308.99,310.2,30,201,1,2,308.95,310.24,16,1300,1,1,308.94,310.25,2,500,2,1,308.91,310.28,3,40,1,1,AAPL
2026-06-01 09:30:00.193397217-04:00,2026-06-01 13:30:00.193220108+00:00,10,2,38,A,B,7,308.97,40,128,177109,49614720,309.2,309.88,105,2530,4,2,309.15,309.98,50,39,1,1,309.07,310.06,1,1300,1,1,309.05,310.1,10,5,1,1,309.03,310.17,200,30,1,1,309.0,310.19,859,300,32,1,308.99,310.2,30,201,1,2,308.97,310.24,40,1300,1,1,308.95,310.25,16,500,1,1,308.94,310.28,2,40,2,1,AAPL
2026-06-01 09:30:00.201394493-04:00,2026-06-01 13:30:00.201224555+00:00,10,2,38,A,B,0,309.48,55,128,169938,49621698,309.48,309.88,55,2530,1,2,309.2,309.98,105,39,4,1,309.15,310.06,50,1300,1,1,309.07,310.1,1,5,1,1,309.05,310.17,10,30,1,1,309.03,310.19,200,300,1,1,309.0,310.2,859,201,32,2,308.99,310.24,30,1300,1,1,308.97,310.25,40,500,1,1,308.95,310.28,16,40,1,1,AAPL
2026-06-01 09:30:00.201416049-04:00,2026-06-01 13:30:00.201243052+00:00,10,2,38,A,B,1,309.31,55,128,172997,49621722,309.48,309.88,55,2530,1,2,309.31,309.98,55,39,1,1,309.2,310.06,105,1300,4,1,309.15,310.1,50,5,1,1,309.07,310.17,1,30,1,1,309.05,310.19,10,300,1,1,309.03,310.2,200,201,1,2,309.0,310.24,859,1300,32,1,308.99,310.25,30,500,1,1,308.97,310.28,40,40,1,1,AAPL
2026-06-01 09:30:00.201431960-04:00,2026-06-01 13:30:00.201259434+00:00,10,2,38,A,B,0,309.48,5,128,172526,49621751,309.48,309.88,60,2530,2,2,309.31,309.98,55,39,1,1,309.2,310.06,105,1300,4,1,309.15,310.1,50,5,1,1,309.07,310.17,1,30,1,1,309.05,310.19,10,300,1,1,309.03,310.2,200,201,1,2,309.0,310.24,859,1300,32,1,308.99,310.25,30,500,1,1,308.97,310.28,40,40,1,1,AAPL
2026-06-01 09:30:00.201492352-04:00,2026-06-01 13:30:00.201310996+00:00,10,2,38,A,B,1,309.31,1,128,181356,49621852,309.48,309.88,60,2530,2,2,309.31,309.98,56,39,2,1,309.2,310.06,105,1300,4,1,309.15,310.1,50,5,1,1,309.07,310.17,1,30,1,1,309.05,310.19,10,300,1,1,309.03,310.2,200,201,1,2,309.0,310.24,859,1300,32,1,308.99,310.25,30,500,1,1,308.97,310.28,40,40,1,1,AAPL
2026-06-01 09:30:00.201496979-04:00,2026-06-01 13:30:00.201312841+00:00,10,2,38,A,B,1,309.31,2,128,184138,49621856,309.48,309.88,60,2530,2,2,309.31,309.98,58,39,3,1,309.2,310.06,105,1300,4,1,309.15,310.1,50,5,1,1,309.07,310.17,1,30,1,1,309.05,310.19,10,300,1,1,309.03,310.2,200,201,1,2,309.0,310.24,859,1300,32,1,308.99,310.25,30,500,1,1,308.97,310.28,40,40,1,1,AAPL
2026-06-01 09:30:00.201504379-04:00,2026-06-01 13:30:00.201328760+00:00,10,2,38,A,B,2,309.21,100,128,175619,49621887,309.48,309.88,60,2530,2,2,309.31,309.98,58,39,3,1,309.21,310.06,100,1300,1,1,309.2,310.1,105,5,4,1,309.15,310.17,50,30,1,1,309.07,310.19,1,300,1,1,309.05,310.2,10,201,1,2,309.03,310.24,200,1300,1,1,309.0,310.25,859,500,32,1,308.99,310.28,30,40,1,1,AAPL
2026-06-01 09:30:00.202031659-04:00,2026-06-01 13:30:00.201858326+00:00,10,2,38,C,B,1,309.31,55,128,173333,49622688,309.48,309.88,60,2530,2,2,309.31,309.98,3,39,2,1,309.21,310.06,100,1300,1,1,309.2,310.1,105,5,4,1,309.15,310.17,50,30,1,1,309.07,310.19,1,300,1,1,309.05,310.2,10,201,1,2,309.03,310.24,200,1300,1,1,309.0,310.25,859,500,32,1,308.99,310.28,30,40,1,1,AAPL
2026-06-01 09:30:00.202045510-04:00,2026-06-01 13:30:00.201873391+00:00,10,2,38,C,B,0,309.48,5,128,172119,49622708,309.48,309.88,55,2530,1,2,309.31,309.98,3,39,2,1,309.21,310.06,100,1300,1,1,309.2,310.1,105,5,4,1,309.15,310.17,50,30,1,1,309.07,310.19,1,300,1,1,309.05,310.2,10,201,1,2,309.03,310.24,200,1300,1,1,309.0,310.25,859,500,32,1,308.99,310.28,30,40,1,1,AAPL
2026-06-01 09:30:00.202334087-04:00,2026-06-01 13:30:00.202162337+00:00,10,2,38,C,B,0,309.48,55,128,171750,49623141,309.31,309.88,3,2530,2,2,309.21,309.98,100,39,1,1,309.2,310.06,105,1300,4,1,309.15,310.1,50,5,1,1,309.07,310.17,1,30,1,1,309.05,310.19,10,300,1,1,309.03,310.2,200,201,1,2,309.0,310.24,859,1300,32,1,308.99,310.25,30,500,1,1,308.97,310.28,40,40,1,1,AAPL
2026-06-01 09:30:00.202384367-04:00,2026-06-01 13:30:00.202207752+00:00,10,2,38,C,B,0,309.31,2,128,176615,49623200,309.31,309.88,1,2530,1,2,309.21,309.98,100,39,1,1,309.2,310.06,105,1300,4,1,309.15,310.1,50,5,1,1,309.07,310.17,1,30,1,1,309.05,310.19,10,300,1,1,309.03,310.2,200,201,1,2,309.0,310.24,859,1300,32,1,308.99,310.25,30,500,1,1,308.97,310.28,40,40,1,1,AAPL
2026-06-01 09:30:00.202602040-04:00,2026-06-01 13:30:00.202431974+00:00,10,2,38,A,B,0,309.32,1,128,170066,49623510,309.32,309.88,1,2530,1,2,309.31,309.98,1,39,1,1,309.21,310.06,100,1300,1,1,309.2,310.1,105,5,4,1,309.15,310.17,50,30,1,1,309.07,310.19,1,300,1,1,309.05,310.2,10,201,1,2,309.03,310.24,200,1300,1,1,309.0,310.25,859,500,32,1,308.99,310.28,30,40,1,1,AAPL
2026-06-01 09:30:00.204379190-04:00,2026-06-01 13:30:00.204207712+00:00,10,2,38,A,B,0,309.53,5,128,171478,49626265,309.53,309.88,5,2530,1,2,309.32,309.98,1,39,1,1,309.31,310.06,1,1300,1,1,309.21,310.1,100,5,1,1,309.2,310.17,105,30,4,1,309.15,310.19,50,300,1,1,309.07,310.2,1,201,1,2,309.05,310.24,10,1300,1,1,309.03,310.25,200,500,1,1,309.0,310.28,859,40,32,1,AAPL
2026-06-01 09:30:00.204398283-04:00,2026-06-01 13:30:00.204226286+00:00,10,2,38,A,B,1,309.4,1,128,171997,49626295,309.53,309.88,5,2530,1,2,309.4,309.98,1,39,1,1,309.32,310.06,1,1300,1,1,309.31,310.1,1,5,1,1,309.21,310.17,100,30,1,1,309.2,310.19,105,300,4,1,309.15,310.2,50,201,1,2,309.07,310.24,1,1300,1,1,309.05,310.25,10,500,1,1,309.03,310.28,200,40,1,1,AAPL
2026-06-01 09:30:00.205252907-04:00,2026-06-01 13:30:00.205082614+00:00,10,2,38,C,B,0,309.53,5,128,170293,49627663,309.4,309.88,1,2530,1,2,309.32,309.98,1,39,1,1,309.31,310.06,1,1300,1,1,309.21,310.1,100,5,1,1,309.2,310.17,105,30,4,1,309.15,310.19,50,300,1,1,309.07,310.2,1,201,1,2,309.05,310.24,10,1300,1,1,309.03,310.25,200,500,1,1,309.0,310.28,859,40,32,1,AAPL
2026-06-01 09:30:00.205299056-04:00,2026-06-01 13:30:00.205129234+00:00,10,2,38,A,A,3,310.1,2,128,169822,49627736,309.4,309.88,1,2530,1,2,309.32,309.98,1,39,1,1,309.31,310.06,1,1300,1,1,309.21,310.1,100,7,1,2,309.2,310.17,105,30,4,1,309.15,310.19,50,300,1,1,309.07,310.2,1,201,1,2,309.05,310.24,10,1300,1,1,309.03,310.25,200,500,1,1,309.0,310.28,859,40,32,1,AAPL
2026-06-01 09:30:00.209152462-04:00,2026-06-01 13:30:00.208969615+00:00,10,2,38,C,B,3,309.21,100,128,182847,49633580,309.4,309.88,1,2530,1,2,309.32,309.98,1,39,1,1,309.31,310.06,1,1300,1,1,309.2,310.1,105,7,4,2,309.15,310.17,50,30,1,1,309.07,310.19,1,300,1,1,309.05,310.2,10,201,1,2,309.03,310.24,200,1300,1,1,309.0,310.25,859,500,32,1,308.99,310.28,30,40,1,1,AAPL
2026-06-01 09:30:00.302549523-04:00,2026-06-01 13:30:00.302376561+00:00,10,2,38,A,B,2,309.31,2,128,172962,49743047,309.4,309.88,1,2530,1,2,309.32,309.98,1,39,1,1,309.31,310.06,3,1300,2,1,309.2,310.1,105,7,4,2,309.15,310.17,50,30,1,1,309.07,310.19,1,300,1,1,309.05,310.2,10,201,1,2,309.03,310.24,200,1300,1,1,309.0,310.25,859,500,32,1,308.99,310.28,30,40,1,1,AAPL
2026-06-01 09:30:00.311463702-04:00,2026-06-01 13:30:00.311295352+00:00,10,2,38,C,B,3,309.2,100,128,168350,49749274,309.4,309.88,1,2530,1,2,309.32,309.98,1,39,1,1,309.31,310.06,3,1300,2,1,309.2,310.1,5,7,3,2,309.15,310.17,50,30,1,1,309.07,310.19,1,300,1,1,309.05,310.2,10,201,1,2,309.03,310.24,200,1300,1,1,309.0,310.25,859,500,32,1,308.99,310.28,30,40,1,1,AAPL
2026-06-01 09:30:00.317764069-04:00,2026-06-01 13:30:00.317468602+00:00,10,2,38,C,A,0,309.31,2,128,295467,49750319,309.4,309.71,1,35,1,1,309.32,309.88,1,2530,1,2,309.31,309.98,1,39,1,1,309.2,310.06,5,1300,3,1,309.15,310.1,50,7,1,2,309.07,310.17,1,30,1,1,309.05,310.19,10,300,1,1,309.03,310.2,200,201,1,2,309.0,310.24,859,1300,32,1,308.99,310.25,30,500,1,1,AAPL
2026-06-01 09:30:00.317840109-04:00,2026-06-01 13:30:00.317634453+00:00,10,2,38,A,A,0,309.5,178,128,205656,49750413,309.4,309.5,1,178,1,1,309.32,309.71,1,35,1,1,309.31,309.88,1,2530,1,2,309.2,309.98,5,39,3,1,309.15,310.06,50,1300,1,1,309.07,310.1,1,7,1,2,309.05,310.17,10,30,1,1,309.03,310.19,200,300,1,1,309.0,310.2,859,201,32,2,308.99,310.24,30,1300,1,1,AAPL
2026-06-01 09:30:00.317866745-04:00,2026-06-01 13:30:00.317698407+00:00,10,2,38,T,B,0,309.5,178,0,168338,49750446,309.4,309.5,1,178,1,1,309.32,309.71,1,35,1,1,309.31,309.88,1,2530,1,2,309.2,309.98,5,39,3,1,309.15,310.06,50,1300,1,1,309.07,310.1,1,7,1,2,309.05,310.17,10,30,1,1,309.03,310.19,200,300,1,1,309.0,310.2,859,201,32,2,308.99,310.24,30,1300,1,1,AAPL
2026-06-01 09:30:00.317866745-04:00,2026-06-01 13:30:00.317698407+00:00,10,2,38,C,A,0,309.5,178,128,168338,49750446,309.4,309.71,1,35,1,1,309.32,309.88,1,2530,1,2,309.31,309.98,1,39,1,1,309.2,310.06,5,1300,3,1,309.15,310.1,50,7,1,2,309.07,310.17,1,30,1,1,309.05,310.19,10,300,1,1,309.03,310.2,200,201,1,2,309.0,310.24,859,1300,32,1,308.99,310.25,30,500,1,1,AAPL
2026-06-01 09:30:00.319315045-04:00,2026-06-01 13:30:00.319147885+00:00,10,2,38,A,A,8,310.23,40,128,167160,49750701,309.4,309.71,1,35,1,1,309.32,309.88,1,2530,1,2,309.31,309.98,1,39,1,1,309.2,310.06,5,1300,3,1,309.15,310.1,50,7,1,2,309.07,310.17,1,30,1,1,309.05,310.19,10,300,1,1,309.03,310.2,200,201,1,2,309.0,310.23,859,40,32,1,308.99,310.24,30,1300,1,1,AAPL
2026-06-01 09:30:00.322212078-04:00,2026-06-01 13:30:00.322044727+00:00,10,2,38,A,A,1,309.76,20,128,167351,49751184,309.4,309.71,1,35,1,1,309.32,309.76,1,20,1,1,309.31,309.88,1,2530,1,2,309.2,309.98,5,39,3,1,309.15,310.06,50,1300,1,1,309.07,310.1,1,7,1,2,309.05,310.17,10,30,1,1,309.03,310.19,200,300,1,1,309.0,310.2,859,201,32,2,308.99,310.23,30,40,1,1,AAPL
2026-06-01 09:30:00.326763359-04:00,2026-06-01 13:30:00.326592872+00:00,10,2,38,C,A,0,309.71,35,128,170487,49753787,309.4,309.76,1,20,1,1,309.32,309.88,1,2530,1,2,309.31,309.98,1,39,1,1,309.2,310.06,5,1300,3,1,309.15,310.1,50,7,1,2,309.07,310.17,1,30,1,1,309.05,310.19,10,300,1,1,309.03,310.2,200,201,1,2,309.0,310.23,859,40,32,1,308.99,310.24,30,1300,1,1,AAPL
2026-06-01 09:30:00.327006900-04:00,2026-06-01 13:30:00.326839109+00:00,10,2,38,A,B,0,309.49,50,128,167791,49754055,309.49,309.76,50,20,1,1,309.4,309.88,1,2530,1,2,309.32,309.98,1,39,1,1,309.31,310.06,1,1300,1,1,309.2,310.1,5,7,3,2,309.15,310.17,50,30,1,1,309.07,310.19,1,300,1,1,309.05,310.2,10,201,1,2,309.03,310.23,200,40,1,1,309.0,310.24,859,1300,32,1,AAPL
2026-06-01 09:30:00.331315423-04:00,2026-06-01 13:30:00.331146958+00:00,10,2,38,A,B,0,309.5,2,128,168465,49756670,309.5,309.76,2,20,1,1,309.49,309.88,50,2530,1,2,309.4,309.98,1,39,1,1,309.32,310.06,1,1300,1,1,309.31,310.1,1,7,1,2,309.2,310.17,5,30,3,1,309.15,310.19,50,300,1,1,309.07,310.2,1,201,1,2,309.05,310.23,10,40,1,1,309.03,310.24,200,1300,1,1,AAPL
2026-06-01 09:30:00.336104890-04:00,2026-06-01 13:30:00.335937710+00:00,10,2,38,A,A,0,309.76,1,128,167180,49757698,309.5,309.76,2,21,1,2,309.49,309.88,50,2530,1,2,309.4,309.98,1,39,1,1,309.32,310.06,1,1300,1,1,309.31,310.1,1,7,1,2,309.2,310.17,5,30,3,1,309.15,310.19,50,300,1,1,309.07,310.2,1,201,1,2,309.05,310.23,10,40,1,1,309.03,310.24,200,1300,1,1,AAPL
2026-06-01 09:30:00.437316169-04:00,2026-06-01 13:30:00.437128714+00:00,10,2,38,A,B,1,309.49,40,128,187455,49814927,309.5,309.76,2,21,1,2,309.49,309.88,90,2530,2,2,309.4,309.98,1,39,1,1,309.32,310.06,1,1300,1,1,309.31,310.1,1,7,1,2,309.2,310.17,5,30,3,1,309.15,310.19,50,300,1,1,309.07,310.2,1,201,1,2,309.05,310.23,10,40,1,1,309.03,310.24,200,1300,1,1,AAPL
2026-06-01 09:30:00.437553996-04:00,2026-06-01 13:30:00.437382563+00:00,10,2,38,A,B,1,309.49,40,128,171433,49815128,309.5,309.76,2,21,1,2,309.49,309.88,130,2530,3,2,309.4,309.98,1,39,1,1,309.32,310.06,1,1300,1,1,309.31,310.1,1,7,1,2,309.2,310.17,5,30,3,1,309.15,310.19,50,300,1,1,309.07,310.2,1,201,1,2,309.05,310.23,10,40,1,1,309.03,310.24,200,1300,1,1,AAPL
2026-06-01 09:30:00.479125398-04:00,2026-06-01 13:30:00.478958396+00:00,10,2,38,A,A,0,309.71,4,128,167002,49837914,309.5,309.71,2,4,1,1,309.49,309.76,130,21,3,2,309.4,309.88,1,2530,1,2,309.32,309.98,1,39,1,1,309.31,310.06,1,1300,1,1,309.2,310.1,5,7,3,2,309.15,310.17,50,30,1,1,309.07,310.19,1,300,1,1,309.05,310.2,10,201,1,2,309.03,310.23,200,40,1,1,AAPL
2026-06-01 09:30:00.503101600-04:00,2026-06-01 13:30:00.502918282+00:00,10,2,38,T,N,0,309.52,2,128,183318,49842859,309.5,309.71,2,4,1,1,309.49,309.76,130,21,3,2,309.4,309.88,1,2530,1,2,309.32,309.98,1,39,1,1,309.31,310.06,1,1300,1,1,309.2,310.1,5,7,3,2,309.15,310.17,50,30,1,1,309.07,310.19,1,300,1,1,309.05,310.2,10,201,1,2,309.03,310.23,200,40,1,1,AAPL
2026-06-01 09:30:00.515140970-04:00,2026-06-01 13:30:00.514969902+00:00,10,2,38,C,A,1,309.76,1,128,171068,49852504,309.5,309.71,2,4,1,1,309.49,309.76,130,20,3,1,309.4,309.88,1,2530,1,2,309.32,309.98,1,39,1,1,309.31,310.06,1,1300,1,1,309.2,310.1,5,7,3,2,309.15,310.17,50,30,1,1,309.07,310.19,1,300,1,1,309.05,310.2,10,201,1,2,309.03,310.23,200,40,1,1,AAPL
2026-06-01 09:30:00.536623247-04:00,2026-06-01 13:30:00.536453416+00:00,10,2,38,C,B,1,309.49,40,128,169831,49868679,309.5,309.71,2,4,1,1,309.49,309.76,90,20,2,1,309.4,309.88,1,2530,1,2,309.32,309.98,1,39,1,1,309.31,310.06,1,1300,1,1,309.2,310.1,5,7,3,2,309.15,310.17,50,30,1,1,309.07,310.19,1,300,1,1,309.05,310.2,10,201,1,2,309.03,310.23,200,40,1,1,AAPL
2026-06-01 09:30:00.536638097-04:00,2026-06-01 13:30:00.536467877+00:00,10,2,38,C,B,1,309.49,40,128,170220,49868681,309.5,309.71,2,4,1,1,309.49,309.76,50,20,1,1,309.4,309.88,1,2530,1,2,309.32,309.98,1,39,1,1,309.31,310.06,1,1300,1,1,309.2,310.1,5,7,3,2,309.15,310.17,50,30,1,1,309.07,310.19,1,300,1,1,309.05,310.2,10,201,1,2,309.03,310.23,200,40,1,1,AAPL
2026-06-01 09:30:00.548287257-04:00,2026-06-01 13:30:00.548112570+00:00,10,2,38,T,N,0,309.52,2,128,174687,49874661,309.5,309.71,2,4,1,1,309.49,309.76,50,20,1,1,309.4,309.88,1,2530,1,2,309.32,309.98,1,39,1,1,309.31,310.06,1,1300,1,1,309.2,310.1,5,7,3,2,309.15,310.17,50,30,1,1,309.07,310.19,1,300,1,1,309.05,310.2,10,201,1,2,309.03,310.23,200,40,1,1,AAPL
2026-06-01 09:30:00.548349741-04:00,2026-06-01 13:30:00.548179311+00:00,10,2,38,T,N,0,309.52,76,0,170430,49874712,309.5,309.71,2,4,1,1,309.49,309.76,50,20,1,1,309.4,309.88,1,2530,1,2,309.32,309.98,1,39,1,1,309.31,310.06,1,1300,1,1,309.2,310.1,5,7,3,2,309.15,310.17,50,30,1,1,309.07,310.19,1,300,1,1,309.05,310.2,10,201,1,2,309.03,310.23,200,40,1,1,AAPL
2026-06-01 09:30:00.548349741-04:00,2026-06-01 13:30:00.548179311+00:00,10,2,38,T,N,0,309.51,6,0,170430,49874713,309.5,309.71,2,4,1,1,309.49,309.76,50,20,1,1,309.4,309.88,1,2530,1,2,309.32,309.98,1,39,1,1,309.31,310.06,1,1300,1,1,309.2,310.1,5,7,3,2,309.15,310.17,50,30,1,1,309.07,310.19,1,300,1,1,309.05,310.2,10,201,1,2,309.03,310.23,200,40,1,1,AAPL
2026-06-01 09:30:00.548349741-04:00,2026-06-01 13:30:00.548179311+00:00,10,2,38,T,N,0,309.51,24,128,170430,49874714,309.5,309.71,2,4,1,1,309.49,309.76,50,20,1,1,309.4,309.88,1,2530,1,2,309.32,309.98,1,39,1,1,309.31,310.06,1,1300,1,1,309.2,310.1,5,7,3,2,309.15,310.17,50,30,1,1,309.07,310.19,1,300,1,1,309.05,310.2,10,201,1,2,309.03,310.23,200,40,1,1,AAPL
2026-06-01 09:30:00.548355602-04:00,2026-06-01 13:30:00.548179311+00:00,10,2,38,T,N,0,309.51,34,128,176291,49874715,309.5,309.71,2,4,1,1,309.49,309.76,50,20,1,1,309.4,309.88,1,2530,1,2,309.32,309.98,1,39,1,1,309.31,310.06,1,1300,1,1,309.2,310.1,5,7,3,2,309.15,310.17,50,30,1,1,309.07,310.19,1,300,1,1,309.05,310.2,10,201,1,2,309.03,310.23,200,40,1,1,AAPL
2026-06-01 09:30:00.555550773-04:00,2026-06-01 13:30:00.555381222+00:00,10,2,38,T,A,0,309.5,2,0,169551,49879028,309.5,309.71,2,4,1,1,309.49,309.76,50,20,1,1,309.4,309.88,1,2530,1,2,309.32,309.98,1,39,1,1,309.31,310.06,1,1300,1,1,309.2,310.1,5,7,3,2,309.15,310.17,50,30,1,1,309.07,310.19,1,300,1,1,309.05,310.2,10,201,1,2,309.03,310.23,200,40,1,1,AAPL
2026-06-01 09:30:00.555550773-04:00,2026-06-01 13:30:00.555381222+00:00,10,2,38,C,B,0,309.5,2,128,169551,49879028,309.49,309.71,50,4,1,1,309.4,309.76,1,20,1,1,309.32,309.88,1,2530,1,2,309.31,309.98,1,39,1,1,309.2,310.06,5,1300,3,1,309.15,310.1,50,7,1,2,309.07,310.17,1,30,1,1,309.05,310.19,10,300,1,1,309.03,310.2,200,201,1,2,309.0,310.23,1059,40,33,1,AAPL
2026-06-01 09:30:00.555571944-04:00,2026-06-01 13:30:00.555404477+00:00,10,2,38,A,A,0,309.67,35,128,167467,49879040,309.49,309.67,50,35,1,1,309.4,309.71,1,4,1,1,309.32,309.76,1,20,1,1,309.31,309.88,1,2530,1,2,309.2,309.98,5,39,3,1,309.15,310.06,50,1300,1,1,309.07,310.1,1,7,1,2,309.05,310.17,10,30,1,1,309.03,310.19,200,300,1,1,309.0,310.2,1059,201,33,2,AAPL
2026-06-01 09:30:00.555576409-04:00,2026-06-01 13:30:00.555405763+00:00,10,2,38,A,A,1,309.7,69,128,170646,49879041,309.49,309.67,50,35,1,1,309.4,309.7,1,69,1,1,309.32,309.71,1,4,1,1,309.31,309.76,1,20,1,1,309.2,309.88,5,2530,3,2,309.15,309.98,50,39,1,1,309.07,310.06,1,1300,1,1,309.05,310.1,10,7,1,2,309.03,310.17,200,30,1,1,309.0,310.19,1059,300,33,1,AAPL
2026-06-01 09:30:00.555577421-04:00,2026-06-01 13:30:00.555409482+00:00,10,2,38,A,A,1,309.7,66,128,167939,49879044,309.49,309.67,50,35,1,1,309.4,309.7,1,135,1,2,309.32,309.71,1,4,1,1,309.31,309.76,1,20,1,1,309.2,309.88,5,2530,3,2,309.15,309.98,50,39,1,1,309.07,310.06,1,1300,1,1,309.05,310.1,10,7,1,2,309.03,310.17,200,30,1,1,309.0,310.19,1059,300,33,1,AAPL
2026-06-01 09:30:00.555611079-04:00,2026-06-01 13:30:00.555443935+00:00,10,2,38,A,A,1,309.7,100,128,167144,49879050,309.49,309.67,50,35,1,1,309.4,309.7,1,235,1,3,309.32,309.71,1,4,1,1,309.31,309.76,1,20,1,1,309.2,309.88,5,2530,3,2,309.15,309.98,50,39,1,1,309.07,310.06,1,1300,1,1,309.05,310.1,10,7,1,2,309.03,310.17,200,30,1,1,309.0,310.19,1059,300,33,1,AAPL
2026-06-01 09:30:00.555848446-04:00,2026-06-01 13:30:00.555678168+00:00,10,2,38,A,B,0,309.49,40,128,170278,49879149,309.49,309.67,90,35,2,1,309.4,309.7,1,235,1,3,309.32,309.71,1,4,1,1,309.31,309.76,1,20,1,1,309.2,309.88,5,2530,3,2,309.15,309.98,50,39,1,1,309.07,310.06,1,1300,1,1,309.05,310.1,10,7,1,2,309.03,310.17,200,30,1,1,309.0,310.19,1059,300,33,1,AAPL
2026-06-01 09:30:00.556270660-04:00,2026-06-01 13:30:00.556103562+00:00,10,2,38,A,B,0,309.49,40,128,167098,49879370,309.49,309.67,130,35,3,1,309.4,309.7,1,235,1,3,309.32,309.71,1,4,1,1,309.31,309.76,1,20,1,1,309.2,309.88,5,2530,3,2,309.15,309.98,50,39,1,1,309.07,310.06,1,1300,1,1,309.05,310.1,10,7,1,2,309.03,310.17,200,30,1,1,309.0,310.19,1059,300,33,1,AAPL
2026-06-01 09:30:00.556437538-04:00,2026-06-01 13:30:00.556255727+00:00,10,2,38,T,A,0,309.49,18,0,181811,49879489,309.49,309.67,80,35,2,1,309.4,309.7,1,235,1,3,309.32,309.71,1,4,1,1,309.31,309.76,1,20,1,1,309.2,309.88,5,2530,3,2,309.15,309.98,50,39,1,1,309.07,310.06,1,1300,1,1,309.05,310.1,10,7,1,2,309.03,310.17,200,30,1,1,309.0,310.19,1059,300,33,1,AAPL
2026-06-01 09:30:00.556437538-04:00,2026-06-01 13:30:00.556255727+00:00,10,2,38,C,B,0,309.49,18,128,181811,49879489,309.49,309.67,62,35,2,1,309.4,309.7,1,235,1,3,309.32,309.71,1,4,1,1,309.31,309.76,1,20,1,1,309.2,309.88,5,2530,3,2,309.15,309.98,50,39,1,1,309.07,310.06,1,1300,1,1,309.05,310.1,10,7,1,2,309.03,310.17,200,30,1,1,309.0,310.19,1059,300,33,1,AAPL
2026-06-01 09:30:00.559096655-04:00,2026-06-01 13:30:00.558929512+00:00,10,2,38,C,B,9,309.0,200,128,167143,49881509,309.49,309.67,62,35,2,1,309.4,309.7,1,235,1,3,309.32,309.71,1,4,1,1,309.31,309.76,1,20,1,1,309.2,309.88,5,2530,3,2,309.15,309.98,50,39,1,1,309.07,310.06,1,1300,1,1,309.05,310.1,10,7,1,2,309.03,310.17,200,30,1,1,309.0,310.19,859,300,32,1,AAPL
2026-06-01 09:30:00.559926341-04:00,2026-06-01 13:30:00.559757130+00:00,10,2,38,A,A,0,309.64,35,128,169211,49881828,309.49,309.64,62,35,2,1,309.4,309.67,1,35,1,1,309.32,309.7,1,235,1,3,309.31,309.71,1,4,1,1,309.2,309.76,5,20,3,1,309.15,309.88,50,2530,1,2,309.07,309.98,1,39,1,1,309.05,310.06,10,1300,1,1,309.03,310.1,200,7,1,2,309.0,310.17,859,30,32,1,AAPL
2026-06-01 09:30:00.559984660-04:00,2026-06-01 13:30:00.559815608+00:00,10,2,38,A,B,2,309.34,35,128,169052,49881843,309.49,309.64,62,35,2,1,309.4,309.67,1,35,1,1,309.34,309.7,35,235,1,3,309.32,309.71,1,4,1,1,309.31,309.76,1,20,1,1,309.2,309.88,5,2530,3,2,309.15,309.98,50,39,1,1,309.07,310.06,1,1300,1,1,309.05,310.1,10,7,1,2,309.03,310.17,200,30,1,1,AAPL
2026-06-01 09:30:00.560166982-04:00,2026-06-01 13:30:00.559999907+00:00,10,2,38,A,B,1,309.42,55,128,167075,49881912,309.49,309.64,62,35,2,1,309.42,309.67,55,35,1,1,309.4,309.7,1,235,1,3,309.34,309.71,35,4,1,1,309.32,309.76,1,20,1,1,309.31,309.88,1,2530,1,2,309.2,309.98,5,39,3,1,309.15,310.06,50,1300,1,1,309.07,310.1,1,7,1,2,309.05,310.17,10,30,1,1,AAPL
2026-06-01 09:30:00.560183592-04:00,2026-06-01 13:30:00.560014436+00:00,10,2,38,A,B,3,309.35,100,128,169156,49881920,309.49,309.64,62,35,2,1,309.42,309.67,55,35,1,1,309.4,309.7,1,235,1,3,309.35,309.71,100,4,1,1,309.34,309.76,35,20,1,1,309.32,309.88,1,2530,1,2,309.31,309.98,1,39,1,1,309.2,310.06,5,1300,3,1,309.15,310.1,50,7,1,2,309.07,310.17,1,30,1,1,AAPL
2026-06-01 09:30:00.560529096-04:00,2026-06-01 13:30:00.560361566+00:00,10,2,38,A,B,3,309.37,35,128,167530,49882068,309.49,309.64,62,35,2,1,309.42,309.67,55,35,1,1,309.4,309.7,1,235,1,3,309.37,309.71,35,4,1,1,309.35,309.76,100,20,1,1,309.34,309.88,35,2530,1,2,309.32,309.98,1,39,1,1,309.31,310.06,1,1300,1,1,309.2,310.1,5,7,3,2,309.15,310.17,50,30,1,1,AAPL
2026-06-01 09:30:00.561178754-04:00,2026-06-01 13:30:00.561010710+00:00,10,2,38,C,A,1,309.67,35,128,168044,49882243,309.49,309.64,62,35,2,1,309.42,309.7,55,235,1,3,309.4,309.71,1,4,1,1,309.37,309.76,35,20,1,1,309.35,309.88,100,2530,1,2,309.34,309.98,35,39,1,1,309.32,310.06,1,1300,1,1,309.31,310.1,1,7,1,2,309.2,310.17,5,30,3,1,309.15,310.19,50,300,1,1,AAPL
2026-06-01 09:30:00.561212076-04:00,2026-06-01 13:30:00.561039423+00:00,10,2,38,C,B,1,309.42,55,128,172653,49882248,309.49,309.64,62,35,2,1,309.4,309.7,1,235,1,3,309.37,309.71,35,4,1,1,309.35,309.76,100,20,1,1,309.34,309.88,35,2530,1,2,309.32,309.98,1,39,1,1,309.31,310.06,1,1300,1,1,309.2,310.1,5,7,3,2,309.15,310.17,50,30,1,1,309.07,310.19,1,300,1,1,AAPL
2026-06-01 09:30:00.569954936-04:00,2026-06-01 13:30:00.569782976+00:00,10,2,38,C,A,0,309.64,35,128,171960,49888956,309.49,309.7,62,235,2,3,309.4,309.71,1,4,1,1,309.37,309.76,35,20,1,1,309.35,309.88,100,2530,1,2,309.34,309.98,35,39,1,1,309.32,310.06,1,1300,1,1,309.31,310.1,1,7,1,2,309.2,310.17,5,30,3,1,309.15,310.19,50,300,1,1,309.07,310.2,1,101,1,2,AAPL
2026-06-01 09:30:00.570026465-04:00,2026-06-01 13:30:00.569844242+00:00,10,2,38,C,B,4,309.34,35,128,182223,49889062,309.49,309.7,62,235,2,3,309.4,309.71,1,4,1,1,309.37,309.76,35,20,1,1,309.35,309.88,100,2530,1,2,309.32,309.98,1,39,1,1,309.31,310.06,1,1300,1,1,309.2,310.1,5,7,3,2,309.15,310.17,50,30,1,1,309.07,310.19,1,300,1,1,309.05,310.2,10,101,1,2,AAPL
2026-06-01 09:30:00.570555503-04:00,2026-06-01 13:30:00.570373190+00:00,10,2,38,C,B,2,309.37,35,128,182313,49889686,309.49,309.7,62,235,2,3,309.4,309.71,1,4,1,1,309.35,309.76,100,20,1,1,309.32,309.88,1,2530,1,2,309.31,309.98,1,39,1,1,309.2,310.06,5,1300,3,1,309.15,310.1,50,7,1,2,309.07,310.17,1,30,1,1,309.05,310.19,10,300,1,1,309.03,310.2,200,101,1,2,AAPL
2026-06-01 09:30:00.570565337-04:00,2026-06-01 13:30:00.570392628+00:00,10,2,38,C,B,2,309.35,100,128,172709,49889702,309.49,309.7,62,235,2,3,309.4,309.71,1,4,1,1,309.32,309.76,1,20,1,1,309.31,309.88,1,2530,1,2,309.2,309.98,5,39,3,1,309.15,310.06,50,1300,1,1,309.07,310.1,1,7,1,2,309.05,310.17,10,30,1,1,309.03,310.19,200,300,1,1,309.0,310.2,859,101,32,2,AAPL
2026-06-01 09:30:00.571862968-04:00,2026-06-01 13:30:00.571683811+00:00,10,2,38,C,A,0,309.7,66,128,179157,49890889,309.49,309.7,62,169,2,2,309.4,309.71,1,4,1,1,309.32,309.76,1,20,1,1,309.31,309.88,1,2530,1,2,309.2,309.98,5,39,3,1,309.15,310.06,50,1300,1,1,309.07,310.1,1,7,1,2,309.05,310.17,10,30,1,1,309.03,310.19,200,300,1,1,309.0,310.2,859,101,32,2,AAPL
2026-06-01 09:30:00.571892985-04:00,2026-06-01 13:30:00.571721052+00:00,10,2,38,C,A,0,309.7,100,128,171933,49890922,309.49,309.7,62,69,2,1,309.4,309.71,1,4,1,1,309.32,309.76,1,20,1,1,309.31,309.88,1,2530,1,2,309.2,309.98,5,39,3,1,309.15,310.06,50,1300,1,1,309.07,310.1,1,7,1,2,309.05,310.17,10,30,1,1,309.03,310.19,200,300,1,1,309.0,310.2,859,101,32,2,AAPL
2026-06-01 09:30:00.571900116-04:00,2026-06-01 13:30:00.571726908+00:00,10,2,38,C,A,0,309.7,69,128,173208,49890934,309.49,309.71,62,4,2,1,309.4,309.76,1,20,1,1,309.32,309.88,1,2530,1,2,309.31,309.98,1,39,1,1,309.2,310.06,5,1300,3,1,309.15,310.1,50,7,1,2,309.07,310.17,1,30,1,1,309.05,310.19,10,300,1,1,309.03,310.2,200,101,1,2,309.0,310.22,859,40,32,1,AAPL
2026-06-01 09:30:00.574011878-04:00,2026-06-01 13:30:00.573844495+00:00,10,2,38,A,A,0,309.64,4,128,167383,49892408,309.49,309.64,62,4,2,1,309.4,309.71,1,4,1,1,309.32,309.76,1,20,1,1,309.31,309.88,1,2530,1,2,309.2,309.98,5,39,3,1,309.15,310.06,50,1300,1,1,309.07,310.1,1,7,1,2,309.05,310.17,10,30,1,1,309.03,310.19,200,300,1,1,309.0,310.2,859,101,32,2,AAPL
2026-06-01 09:30:00.606515749-04:00,2026-06-01 13:30:00.606330591+00:00,10,2,38,C,A,0,309.64,4,128,185158,49899573,309.49,309.71,62,4,2,1,309.4,309.76,1,20,1,1,309.32,309.88,1,2530,1,2,309.31,309.98,1,39,1,1,309.2,310.06,5,1300,3,1,309.15,310.1,50,7,1,2,309.07,310.17,1,30,1,1,309.05,310.19,10,300,1,1,309.03,310.2,200,101,1,2,309.0,310.24,859,1300,32,1,AAPL
2026-06-01 09:30:00.608540770-04:00,2026-06-01 13:30:00.608363419+00:00,10,2,38,C,A,0,309.71,4,128,177351,49901343,309.49,309.76,62,20,2,1,309.4,309.88,1,2530,1,2,309.32,309.98,1,39,1,1,309.31,310.06,1,1300,1,1,309.2,310.1,5,7,3,2,309.15,310.17,50,30,1,1,309.07,310.19,1,300,1,1,309.05,310.2,10,101,1,2,309.03,310.24,200,1300,1,1,309.0,310.25,859,500,32,1,AAPL
2026-06-01 09:30:00.613559845-04:00,2026-06-01 13:30:00.613388934+00:00,10,2,38,T,N,0,309.51,1,128,170911,49904521,309.49,309.76,62,20,2,1,309.4,309.88,1,2530,1,2,309.32,309.98,1,39,1,1,309.31,310.06,1,1300,1,1,309.2,310.1,5,7,3,2,309.15,310.17,50,30,1,1,309.07,310.19,1,300,1,1,309.05,310.2,10,101,1,2,309.03,310.24,200,1300,1,1,309.0,310.25,859,500,32,1,AAPL
2026-06-01 09:30:00.630723605-04:00,2026-06-01 13:30:00.630551330+00:00,10,2,38,A,A,0,309.76,4,128,172275,49918190,309.49,309.76,62,24,2,2,309.4,309.88,1,2530,1,2,309.32,309.98,1,39,1,1,309.31,310.06,1,1300,1,1,309.2,310.1,5,7,3,2,309.15,310.17,50,30,1,1,309.07,310.19,1,300,1,1,309.05,310.2,10,101,1,2,309.03,310.24,200,1300,1,1,309.0,310.25,859,500,32,1,AAPL
2026-06-01 09:30:00.637384363-04:00,2026-06-01 13:30:00.637215275+00:00,10,2,38,A,B,9,309.0,100,128,169088,49922439,309.49,309.76,62,24,2,2,309.4,309.88,1,2530,1,2,309.32,309.98,1,39,1,1,309.31,310.06,1,1300,1,1,309.2,310.1,5,7,3,2,309.15,310.17,50,30,1,1,309.07,310.19,1,300,1,1,309.05,310.2,10,101,1,2,309.03,310.24,200,1300,1,1,309.0,310.25,959,500,33,1,AAPL
2026-06-01 09:30:00.637727363-04:00,2026-06-01 13:30:00.637560460+00:00,10,2,38,C,A,7,310.2,100,128,166903,49922552,309.49,309.76,62,24,2,2,309.4,309.88,1,2530,1,2,309.32,309.98,1,39,1,1,309.31,310.06,1,1300,1,1,309.2,310.1,5,7,3,2,309.15,310.17,50,30,1,1,309.07,310.19,1,300,1,1,309.05,310.2,10,1,1,1,309.03,310.24,200,1300,1,1,309.0,310.25,959,500,33,1,AAPL
2026-06-01 09:30:00.639989300-04:00,2026-06-01 13:30:00.639822154+00:00,10,2,38,C,B,3,309.31,1,128,167146,49924830,309.49,309.76,62,24,2,2,309.4,309.88,1,2530,1,2,309.32,309.98,1,39,1,1,309.2,310.06,5,1300,3,1,309.15,310.1,50,7,1,2,309.07,310.17,1,30,1,1,309.05,310.19,10,300,1,1,309.03,310.2,200,1,1,1,309.0,310.24,959,1300,33,1,308.99,310.25,30,500,1,1,AAPL
2026-06-01 09:30:00.642170814-04:00,2026-06-01 13:30:00.641996+00:00,10,2,38,C,B,2,309.32,1,128,174814,49926951,309.49,309.76,62,24,2,2,309.4,309.88,1,2530,1,2,309.2,309.98,5,39,3,1,309.15,310.06,50,1300,1,1,309.07,310.1,1,7,1,2,309.05,310.17,10,30,1,1,309.03,310.19,200,300,1,1,309.0,310.2,959,1,33,1,308.99,310.24,30,1300,1,1,308.96,310.25,120,500,3,1,AAPL
2026-06-01 09:30:00.644196405-04:00,2026-06-01 13:30:00.644029251+00:00,10,2,38,C,B,1,309.4,1,128,167154,49928487,309.49,309.76,62,24,2,2,309.2,309.88,5,2530,3,2,309.15,309.98,50,39,1,1,309.07,310.06,1,1300,1,1,309.05,310.1,10,7,1,2,309.03,310.17,200,30,1,1,309.0,310.19,959,300,33,1,308.99,310.2,30,1,1,1,308.96,310.24,120,1300,3,1,308.95,310.25,16,500,1,1,AAPL
2026-06-01 09:30:00.695710317-04:00,2026-06-01 13:30:00.695535707+00:00,10,2,38,T,N,0,309.54,11,128,174610,49957908,309.49,309.76,62,24,2,2,309.2,309.88,5,2530,3,2,309.15,309.98,50,39,1,1,309.07,310.06,1,1300,1,1,309.05,310.1,10,7,1,2,309.03,310.17,200,30,1,1,309.0,310.19,959,300,33,1,308.99,310.2,30,1,1,1,308.96,310.24,120,1300,3,1,308.95,310.25,16,500,1,1,AAPL
2026-06-01 09:30:00.730214472-04:00,2026-06-01 13:30:00.730043913+00:00,10,2,38,A,A,7,310.2,100,128,170559,49971238,309.49,309.76,62,24,2,2,309.2,309.88,5,2530,3,2,309.15,309.98,50,39,1,1,309.07,310.06,1,1300,1,1,309.05,310.1,10,7,1,2,309.03,310.17,200,30,1,1,309.0,310.19,959,300,33,1,308.99,310.2,30,101,1,2,308.96,310.24,120,1300,3,1,308.95,310.25,16,500,1,1,AAPL
2026-06-01 09:30:00.781299272-04:00,2026-06-01 13:30:00.781128768+00:00,10,2,38,C,B,6,309.0,100,128,170504,50003050,309.49,309.76,62,24,2,2,309.2,309.88,5,2530,3,2,309.15,309.98,50,39,1,1,309.07,310.06,1,1300,1,1,309.05,310.1,10,7,1,2,309.03,310.17,200,30,1,1,309.0,310.19,859,300,32,1,308.99,310.2,30,101,1,2,308.96,310.24,120,1300,3,1,308.95,310.25,16,500,1,1,AAPL
2026-06-01 09:30:00.781634288-04:00,2026-06-01 13:30:00.781467054+00:00,10,2,38,A,A,0,309.7,4,128,167234,50003127,309.49,309.7,62,4,2,1,309.2,309.76,5,24,3,2,309.15,309.88,50,2530,1,2,309.07,309.98,1,39,1,1,309.05,310.06,10,1300,1,1,309.03,310.1,200,7,1,2,309.0,310.17,859,30,32,1,308.99,310.19,30,300,1,1,308.96,310.2,120,101,3,2,308.95,310.24,16,1300,1,1,AAPL
2026-06-01 09:30:00.782511825-04:00,2026-06-01 13:30:00.782344780+00:00,10,2,38,C,A,1,309.76,4,128,167045,50003297,309.49,309.7,62,4,2,1,309.2,309.76,5,20,3,1,309.15,309.88,50,2530,1,2,309.07,309.98,1,39,1,1,309.05,310.06,10,1300,1,1,309.03,310.1,200,7,1,2,309.0,310.17,859,30,32,1,308.99,310.19,30,300,1,1,308.96,310.2,120,101,3,2,308.95,310.24,16,1300,1,1,AAPL
2026-06-01 09:30:00.823063576-04:00,2026-06-01 13:30:00.822896279+00:00,10,2,38,A,A,1,309.71,14,128,167297,50019648,309.49,309.7,62,4,2,1,309.2,309.71,5,14,3,1,309.15,309.76,50,20,1,1,309.07,309.88,1,2530,1,2,309.05,309.98,10,39,1,1,309.03,310.06,200,1300,1,1,309.0,310.1,859,7,32,2,308.99,310.17,30,30,1,1,308.96,310.19,120,300,3,1,308.95,310.2,16,101,1,2,AAPL
2026-06-01 09:30:00.832205317-04:00,2026-06-01 13:30:00.832036390+00:00,10,2,38,C,A,1,309.71,14,128,168927,50023792,309.49,309.7,62,4,2,1,309.2,309.76,5,20,3,1,309.15,309.88,50,2530,1,2,309.07,309.98,1,39,1,1,309.05,310.06,10,1300,1,1,309.03,310.1,200,7,1,2,309.0,310.17,859,30,32,1,308.99,310.19,30,300,1,1,308.96,310.2,120,101,3,2,308.95,310.24,16,1300,1,1,AAPL
2026-06-01 09:30:00.852246033-04:00,2026-06-01 13:30:00.852076714+00:00,10,2,38,A,B,0,309.49,12,128,169319,50035336,309.49,309.7,74,4,3,1,309.2,309.76,5,20,3,1,309.15,309.88,50,2530,1,2,309.07,309.98,1,39,1,1,309.05,310.06,10,1300,1,1,309.03,310.1,200,7,1,2,309.0,310.17,859,30,32,1,308.99,310.19,30,300,1,1,308.96,310.2,120,101,3,2,308.95,310.24,16,1300,1,1,AAPL
2026-06-01 09:30:00.853969990-04:00,2026-06-01 13:30:00.853801811+00:00,10,2,38,C,B,0,309.49,12,128,168179,50036105,309.49,309.7,62,4,2,1,309.2,309.76,5,20,3,1,309.15,309.88,50,2530,1,2,309.07,309.98,1,39,1,1,309.05,310.06,10,1300,1,1,309.03,310.1,200,7,1,2,309.0,310.17,859,30,32,1,308.99,310.19,30,300,1,1,308.96,310.2,120,101,3,2,308.95,310.24,16,1300,1,1,AAPL
2026-06-01 09:30:00.854659632-04:00,2026-06-01 13:30:00.854491992+00:00,10,2,38,A,B,0,309.49,12,128,167640,50036438,309.49,309.7,74,4,3,1,309.2,309.76,5,20,3,1,309.15,309.88,50,2530,1,2,309.07,309.98,1,39,1,1,309.05,310.06,10,1300,1,1,309.03,310.1,200,7,1,2,309.0,310.17,859,30,32,1,308.99,310.19,30,300,1,1,308.96,310.2,120,101,3,2,308.95,310.24,16,1300,1,1,AAPL
2026-06-01 09:30:00.875557946-04:00,2026-06-01 13:30:00.875304989+00:00,10,2,38,A,B,0,309.5,50,128,252957,50048542,309.5,309.7,50,4,1,1,309.49,309.76,74,20,3,1,309.2,309.88,5,2530,3,2,309.15,309.98,50,39,1,1,309.07,310.06,1,1300,1,1,309.05,310.1,10,7,1,2,309.03,310.17,200,30,1,1,309.0,310.19,859,300,32,1,308.99,310.2,30,101,1,2,308.96,310.24,120,1300,3,1,AAPL
2026-06-01 09:30:00.875876662-04:00,2026-06-01 13:30:00.875703768+00:00,10,2,38,C,B,1,309.49,40,128,172894,50049077,309.5,309.7,50,4,1,1,309.49,309.76,34,20,2,1,309.2,309.88,5,2530,3,2,309.15,309.98,50,39,1,1,309.07,310.06,1,1300,1,1,309.05,310.1,10,7,1,2,309.03,310.17,200,30,1,1,309.0,310.19,859,300,32,1,308.99,310.2,30,101,1,2,308.96,310.24,120,1300,3,1,AAPL
2026-06-01 09:30:00.876164393-04:00,2026-06-01 13:30:00.875992215+00:00,10,2,38,C,B,1,309.49,22,128,172178,50049382,309.5,309.7,50,4,1,1,309.49,309.76,12,20,1,1,309.2,309.88,5,2530,3,2,309.15,309.98,50,39,1,1,309.07,310.06,1,1300,1,1,309.05,310.1,10,7,1,2,309.03,310.17,200,30,1,1,309.0,310.19,859,300,32,1,308.99,310.2,30,101,1,2,308.96,310.24,120,1300,3,1,AAPL
2026-06-01 09:30:00.876229746-04:00,2026-06-01 13:30:00.876061399+00:00,10,2,38,A,B,0,309.5,40,128,168347,50049436,309.5,309.7,90,4,2,1,309.49,309.76,12,20,1,1,309.2,309.88,5,2530,3,2,309.15,309.98,50,39,1,1,309.07,310.06,1,1300,1,1,309.05,310.1,10,7,1,2,309.03,310.17,200,30,1,1,309.0,310.19,859,300,32,1,308.99,310.2,30,101,1,2,308.96,310.24,120,1300,3,1,AAPL
2026-06-01 09:30:00.878685892-04:00,2026-06-01 13:30:00.878518506+00:00,10,2,38,C,B,9,308.96,40,128,167386,50051086,309.5,309.7,90,4,2,1,309.49,309.76,12,20,1,1,309.2,309.88,5,2530,3,2,309.15,309.98,50,39,1,1,309.07,310.06,1,1300,1,1,309.05,310.1,10,7,1,2,309.03,310.17,200,30,1,1,309.0,310.19,859,300,32,1,308.99,310.2,30,101,1,2,308.96,310.24,80,1300,2,1,AAPL
2026-06-01 09:30:00.879599791-04:00,2026-06-01 13:30:00.879430702+00:00,10,2,38,C,B,9,308.96,40,128,169089,50051595,309.5,309.7,90,4,2,1,309.49,309.76,12,20,1,1,309.2,309.88,5,2530,3,2,309.15,309.98,50,39,1,1,309.07,310.06,1,1300,1,1,309.05,310.1,10,7,1,2,309.03,310.17,200,30,1,1,309.0,310.19,859,300,32,1,308.99,310.2,30,101,1,2,308.96,310.24,40,1300,1,1,AAPL
2026-06-01 09:30:00.879651592-04:00,2026-06-01 13:30:00.879483527+00:00,10,2,38,C,B,9,308.96,40,128,168065,50051634,309.5,309.7,90,4,2,1,309.49,309.76,12,20,1,1,309.2,309.88,5,2530,3,2,309.15,309.98,50,39,1,1,309.07,310.06,1,1300,1,1,309.05,310.1,10,7,1,2,309.03,310.17,200,30,1,1,309.0,310.19,859,300,32,1,308.99,310.2,30,101,1,2,308.95,310.24,16,1300,1,1,AAPL
2026-06-01 09:30:00.880086087-04:00,2026-06-01 13:30:00.879918968+00:00,10,2,38,A,B,9,308.97,40,128,167119,50051878,309.5,309.7,90,4,2,1,309.49,309.76,12,20,1,1,309.2,309.88,5,2530,3,2,309.15,309.98,50,39,1,1,309.07,310.06,1,1300,1,1,309.05,310.1,10,7,1,2,309.03,310.17,200,30,1,1,309.0,310.19,859,300,32,1,308.99,310.2,30,101,1,2,308.97,310.24,40,1300,1,1,AAPL
2026-06-01 09:30:00.881105902-04:00,2026-06-01 13:30:00.880934556+00:00,10,2,38,A,B,9,308.97,40,128,171346,50052337,309.5,309.7,90,4,2,1,309.49,309.76,12,20,1,1,309.2,309.88,5,2530,3,2,309.15,309.98,50,39,1,1,309.07,310.06,1,1300,1,1,309.05,310.1,10,7,1,2,309.03,310.17,200,30,1,1,309.0,310.19,859,300,32,1,308.99,310.2,30,101,1,2,308.97,310.24,80,1300,2,1,AAPL
2026-06-01 09:30:00.881705597-04:00,2026-06-01 13:30:00.881537375+00:00,10,2,38,A,B,9,308.97,40,128,168222,50052577,309.5,309.7,90,4,2,1,309.49,309.76,12,20,1,1,309.2,309.88,5,2530,3,2,309.15,309.98,50,39,1,1,309.07,310.06,1,1300,1,1,309.05,310.1,10,7,1,2,309.03,310.17,200,30,1,1,309.0,310.19,859,300,32,1,308.99,310.2,30,101,1,2,308.97,310.24,120,1300,3,1,AAPL
2026-06-01 09:30:00.982391329-04:00,2026-06-01 13:30:00.982221214+00:00,10,2,38,C,B,1,309.49,12,128,170115,50101869,309.5,309.7,90,4,2,1,309.2,309.76,5,20,3,1,309.15,309.88,50,2530,1,2,309.07,309.98,1,39,1,1,309.05,310.06,10,1300,1,1,309.03,310.1,200,7,1,2,309.0,310.17,859,30,32,1,308.99,310.19,30,300,1,1,308.97,310.2,120,101,3,2,308.95,310.24,16,1300,1,1,AAPL
2026-06-01 09:30:00.996166986-04:00,2026-06-01 13:30:00.995997383+00:00,10,2,38,A,A,9,310.22,40,128,169603,50113747,309.5,309.7,90,4,2,1,309.2,309.76,5,20,3,1,309.15,309.88,50,2530,1,2,309.07,309.98,1,39,1,1,309.05,310.06,10,1300,1,1,309.03,310.1,200,7,1,2,309.0,310.17,859,30,32,1,308.99,310.19,30,300,1,1,308.97,310.2,120,101,3,2,308.95,310.22,16,40,1,1,AAPL
2026-06-01 09:30:01.000805312-04:00,2026-06-01 13:30:01.000619957+00:00,10,2,38,C,A,5,310.1,2,128,185355,50116995,309.5,309.7,90,4,2,1,309.2,309.76,5,20,3,1,309.15,309.88,50,2530,1,2,309.07,309.98,1,39,1,1,309.05,310.06,10,1300,1,1,309.03,310.1,200,5,1,1,309.0,310.17,859,30,32,1,308.99,310.19,30,300,1,1,308.97,310.2,120,101,3,2,308.95,310.22,16,40,1,1,AAPL
2026-06-01 09:30:01.002503748-04:00,2026-06-01 13:30:01.002330259+00:00,10,2,38,A,B,0,309.55,19,128,173489,50119633,309.55,309.7,19,4,1,1,309.5,309.76,90,20,2,1,309.2,309.88,5,2530,3,2,309.15,309.98,50,39,1,1,309.07,310.06,1,1300,1,1,309.05,310.1,10,5,1,1,309.03,310.17,200,30,1,1,309.0,310.19,859,300,32,1,308.99,310.2,30,101,1,2,308.97,310.22,120,40,3,1,AAPL
2026-06-01 09:30:01.002547818-04:00,2026-06-01 13:30:01.002377651+00:00,10,2,38,T,N,0,309.69,4,128,170167,50119662,309.55,309.7,19,4,1,1,309.5,309.76,90,20,2,1,309.2,309.88,5,2530,3,2,309.15,309.98,50,39,1,1,309.07,310.06,1,1300,1,1,309.05,310.1,10,5,1,1,309.03,310.17,200,30,1,1,309.0,310.19,859,300,32,1,308.99,310.2,30,101,1,2,308.97,310.22,120,40,3,1,AAPL
2026-06-01 09:30:01.002567634-04:00,2026-06-01 13:30:01.002390982+00:00,10,2,38,A,B,0,309.55,40,128,176652,50119695,309.55,309.7,59,4,2,1,309.5,309.76,90,20,2,1,309.2,309.88,5,2530,3,2,309.15,309.98,50,39,1,1,309.07,310.06,1,1300,1,1,309.05,310.1,10,5,1,1,309.03,310.17,200,30,1,1,309.0,310.19,859,300,32,1,308.99,310.2,30,101,1,2,308.97,310.22,120,40,3,1,AAPL
2026-06-01 09:30:01.002805140-04:00,2026-06-01 13:30:01.002628871+00:00,10,2,38,A,B,2,309.22,69,128,176269,50119960,309.55,309.7,59,4,2,1,309.5,309.76,90,20,2,1,309.3,309.88,35,2530,1,2,309.22,309.98,69,39,1,1,309.2,310.06,5,1300,3,1,309.15,310.1,50,5,1,1,309.07,310.17,1,30,1,1,309.05,310.19,10,300,1,1,309.03,310.2,200,101,1,2,309.0,310.22,859,40,32,1,AAPL
2026-06-01 09:30:01.002830978-04:00,2026-06-01 13:30:01.002659566+00:00,10,2,38,C,B,1,309.5,40,128,171412,50119982,309.55,309.7,59,4,2,1,309.5,309.76,50,20,1,1,309.3,309.88,35,2530,1,2,309.22,309.98,69,39,1,1,309.2,310.06,5,1300,3,1,309.15,310.1,50,5,1,1,309.07,310.17,1,30,1,1,309.05,310.19,10,300,1,1,309.03,310.2,200,101,1,2,309.0,310.22,859,40,32,1,AAPL
2026-06-01 09:30:01.002836315-04:00,2026-06-01 13:30:01.002663774+00:00,10,2,38,A,B,3,309.22,66,128,172541,50119988,309.55,309.7,59,4,2,1,309.5,309.76,50,20,1,1,309.3,309.88,35,2530,1,2,309.22,309.98,135,39,2,1,309.2,310.06,5,1300,3,1,309.15,310.1,50,5,1,1,309.07,310.17,1,30,1,1,309.05,310.19,10,300,1,1,309.03,310.2,200,101,1,2,309.0,310.22,859,40,32,1,AAPL
2026-06-01 09:30:01.003010175-04:00,2026-06-01 13:30:01.002837348+00:00,10,2,38,C,B,3,309.22,66,128,172827,50120175,309.55,309.7,59,4,2,1,309.5,309.76,50,20,1,1,309.3,309.88,35,2530,1,2,309.22,309.98,69,39,1,1,309.2,310.06,5,1300,3,1,309.15,310.1,50,5,1,1,309.07,310.17,1,30,1,1,309.05,310.19,10,300,1,1,309.03,310.2,200,101,1,2,309.0,310.22,859,40,32,1,AAPL
2026-06-01 09:30:01.003012331-04:00,2026-06-01 13:30:01.002842241+00:00,10,2,38,A,B,1,309.54,35,128,170090,50120180,309.55,309.7,59,4,2,1,309.54,309.76,35,20,1,1,309.5,309.88,50,2530,1,2,309.32,309.98,35,39,1,1,309.3,310.06,35,1300,1,1,309.22,310.1,69,5,1,1,309.2,310.17,5,30,3,1,309.15,310.19,50,300,1,1,309.07,310.2,1,101,1,2,309.05,310.22,10,40,1,1,AAPL
2026-06-01 09:30:01.003032007-04:00,2026-06-01 13:30:01.002856694+00:00,10,2,38,T,B,0,309.7,4,0,175313,50120222,309.55,309.7,59,4,2,1,309.54,309.76,35,20,1,1,309.5,309.88,50,2530,1,2,309.32,309.98,35,39,1,1,309.3,310.06,35,1300,1,1,309.22,310.1,69,5,1,1,309.2,310.17,5,30,3,1,309.15,310.19,50,300,1,1,309.07,310.2,1,101,1,2,309.05,310.22,10,40,1,1,AAPL
2026-06-01 09:30:01.003032007-04:00,2026-06-01 13:30:01.002856694+00:00,10,2,38,C,A,0,309.7,4,128,175313,50120222,309.55,309.76,59,20,2,1,309.54,309.88,35,2530,1,2,309.5,309.98,50,39,1,1,309.32,310.06,35,1300,1,1,309.3,310.1,35,5,1,1,309.22,310.17,69,30,1,1,309.2,310.19,5,300,3,1,309.15,310.2,50,101,1,2,309.07,310.22,1,40,1,1,309.05,310.24,10,1300,1,1,AAPL
2026-06-01 09:30:01.003039069-04:00,2026-06-01 13:30:01.002862228+00:00,10,2,38,T,N,0,309.7,4,128,176841,50120230,309.55,309.76,59,20,2,1,309.54,309.88,35,2530,1,2,309.5,309.98,50,39,1,1,309.32,310.06,35,1300,1,1,309.3,310.1,35,5,1,1,309.22,310.17,69,30,1,1,309.2,310.19,5,300,3,1,309.15,310.2,50,101,1,2,309.07,310.22,1,40,1,1,309.05,310.24,10,1300,1,1,AAPL
2026-06-01 09:30:01.003065968-04:00,2026-06-01 13:30:01.002892571+00:00,10,2,38,A,B,5,309.24,65,128,173397,50120269,309.55,309.76,59,20,2,1,309.54,309.88,35,2530,1,2,309.5,309.98,50,39,1,1,309.32,310.06,35,1300,1,1,309.3,310.1,35,5,1,1,309.24,310.17,65,30,1,1,309.22,310.19,69,300,1,1,309.2,310.2,5,101,3,2,309.15,310.22,50,40,1,1,309.07,310.24,1,1300,1,1,AAPL
2026-06-01 09:30:01.003085653-04:00,2026-06-01 13:30:01.002914436+00:00,10,2,38,A,B,0,309.56,69,128,171217,50120287,309.56,309.76,69,20,1,1,309.55,309.88,59,2530,2,2,309.54,309.98,35,39,1,1,309.5,310.06,50,1300,1,1,309.32,310.1,35,5,1,1,309.3,310.17,35,30,1,1,309.24,310.19,65,300,1,1,309.22,310.2,69,101,1,2,309.2,310.22,5,40,3,1,309.15,310.24,50,1300,1,1,AAPL
2026-06-01 09:30:01.003101376-04:00,2026-06-01 13:30:01.002925874+00:00,10,2,38,A,B,0,309.56,65,128,175502,50120323,309.56,309.76,134,20,2,1,309.55,309.88,59,2530,2,2,309.54,309.98,35,39,1,1,309.5,310.06,50,1300,1,1,309.32,310.1,35,5,1,1,309.3,310.17,35,30,1,1,309.24,310.19,65,300,1,1,309.22,310.2,69,101,1,2,309.2,310.22,5,40,3,1,309.15,310.24,50,1300,1,1,AAPL
2026-06-01 09:30:01.003131313-04:00,2026-06-01 13:30:01.002951028+00:00,10,2,38,A,B,1,309.55,40,128,180285,50120343,309.56,309.76,134,20,2,1,309.55,309.88,99,2530,3,2,309.54,309.98,35,39,1,1,309.5,310.06,50,1300,1,1,309.32,310.1,35,5,1,1,309.3,310.17,35,30,1,1,309.24,310.19,65,300,1,1,309.22,310.2,69,101,1,2,309.2,310.22,5,40,3,1,309.15,310.24,50,1300,1,1,AAPL
2026-06-01 09:30:01.003310959-04:00,2026-06-01 13:30:01.003138948+00:00,10,2,38,C,B,6,309.24,65,128,172011,50120492,309.56,309.76,134,20,2,1,309.55,309.88,99,2530,3,2,309.54,309.98,35,39,1,1,309.5,310.06,50,1300,1,1,309.32,310.1,35,5,1,1,309.3,310.17,35,30,1,1,309.22,310.19,69,300,1,1,309.2,310.2,5,101,3,2,309.15,310.22,50,40,1,1,309.07,310.24,1,1300,1,1,AAPL
2026-06-01 09:30:01.003321379-04:00,2026-06-01 13:30:01.003148379+00:00,10,2,38,C,A,7,310.2,100,128,173000,50120494,309.56,309.76,134,20,2,1,309.55,309.88,99,2530,3,2,309.54,309.98,35,39,1,1,309.5,310.06,50,1300,1,1,309.32,310.1,35,5,1,1,309.3,310.17,35,30,1,1,309.22,310.19,69,300,1,1,309.2,310.2,5,1,3,1,309.15,310.22,50,40,1,1,309.07,310.24,1,1300,1,1,AAPL
2026-06-01 09:30:01.004698165-04:00,2026-06-01 13:30:01.004445674+00:00,10,2,38,T,N,0,309.63,134,128,252491,50121127,309.56,309.76,134,20,2,1,309.55,309.88,99,2530,3,2,309.54,309.98,35,39,1,1,309.5,310.06,50,1300,1,1,309.32,310.1,35,5,1,1,309.3,310.17,35,30,1,1,309.22,310.19,69,300,1,1,309.2,310.2,5,1,3,1,309.15,310.22,50,40,1,1,309.07,310.24,1,1300,1,1,AAPL
2026-06-01 09:30:01.004711449-04:00,2026-06-01 13:30:01.004465093+00:00,10,2,38,T,N,0,309.63,68,128,246356,50121144,309.56,309.76,134,20,2,1,309.55,309.88,99,2530,3,2,309.54,309.98,35,39,1,1,309.5,310.06,50,1300,1,1,309.32,310.1,35,5,1,1,309.3,310.17,35,30,1,1,309.22,310.19,69,300,1,1,309.2,310.2,5,1,3,1,309.15,310.22,50,40,1,1,309.07,310.24,1,1300,1,1,AAPL
2026-06-01 09:30:01.006390348-04:00,2026-06-01 13:30:01.006221345+00:00,10,2,38,C,A,8,310.22,40,128,169003,50123022,309.56,309.76,134,20,2,1,309.55,309.88,99,2530,3,2,309.54,309.98,35,39,1,1,309.5,310.06,50,1300,1,1,309.32,310.1,35,5,1,1,309.3,310.17,35,30,1,1,309.22,310.19,69,300,1,1,309.2,310.2,5,1,3,1,309.15,310.24,50,1300,1,1,309.07,310.25,1,500,1,1,AAPL
2026-06-01 09:30:01.008952993-04:00,2026-06-01 13:30:01.008784413+00:00,10,2,38,C,B,4,309.32,35,128,168580,50125383,309.56,309.76,134,20,2,1,309.55,309.88,99,2530,3,2,309.54,309.98,35,39,1,1,309.5,310.06,50,1300,1,1,309.3,310.1,35,5,1,1,309.22,310.17,69,30,1,1,309.2,310.19,5,300,3,1,309.15,310.2,50,1,1,1,309.07,310.24,1,1300,1,1,309.05,310.25,10,500,1,1,AAPL
2026-06-01 09:30:01.009636308-04:00,2026-06-01 13:30:01.009467202+00:00,10,2,38,T,N,0,309.65,35,128,169106,50125716,309.56,309.76,134,20,2,1,309.55,309.88,99,2530,3,2,309.54,309.98,35,39,1,1,309.5,310.06,50,1300,1,1,309.3,310.1,35,5,1,1,309.22,310.17,69,30,1,1,309.2,310.19,5,300,3,1,309.15,310.2,50,1,1,1,309.07,310.24,1,1300,1,1,309.05,310.25,10,500,1,1,AAPL
2026-06-01 09:30:01.012446813-04:00,2026-06-01 13:30:01.012278738+00:00,10,2,38,T,B,0,309.76,20,0,168075,50126729,309.56,309.76,134,20,2,1,309.55,309.88,99,2530,3,2,309.54,309.98,35,39,1,1,309.5,310.06,50,1300,1,1,309.3,310.1,35,5,1,1,309.22,310.17,69,30,1,1,309.2,310.19,5,300,3,1,309.15,310.2,50,1,1,1,309.07,310.24,1,1300,1,1,309.05,310.25,10,500,1,1,AAPL
2026-06-01 09:30:01.012446813-04:00,2026-06-01 13:30:01.012278738+00:00,10,2,38,C,A,0,309.76,20,128,168075,50126729,309.56,309.88,134,2530,2,2,309.55,309.98,99,39,3,1,309.54,310.06,35,1300,1,1,309.5,310.1,50,5,1,1,309.3,310.17,35,30,1,1,309.22,310.19,69,300,1,1,309.2,310.2,5,1,3,1,309.15,310.24,50,1300,1,1,309.07,310.25,1,500,1,1,309.05,310.28,10,40,1,1,AAPL
2026-06-01 09:30:01.013195625-04:00,2026-06-01 13:30:01.012960364+00:00,10,2,38,C,B,1,309.55,40,128,235261,50127065,309.56,309.88,134,2530,2,2,309.55,309.98,59,39,2,1,309.54,310.06,35,1300,1,1,309.5,310.1,50,5,1,1,309.3,310.17,35,30,1,1,309.22,310.19,69,300,1,1,309.2,310.2,5,1,3,1,309.15,310.24,50,1300,1,1,309.07,310.25,1,500,1,1,309.05,310.28,10,40,1,1,AAPL
2026-06-01 09:30:01.013823963-04:00,2026-06-01 13:30:01.013649558+00:00,10,2,38,A,A,0,309.76,40,128,174405,50127867,309.56,309.76,134,40,2,1,309.55,309.88,59,2530,2,2,309.54,309.98,35,39,1,1,309.5,310.06,50,1300,1,1,309.3,310.1,35,5,1,1,309.22,310.17,69,30,1,1,309.2,310.19,5,300,3,1,309.15,310.2,50,1,1,1,309.07,310.24,1,1300,1,1,309.05,310.25,10,500,1,1,AAPL
2026-06-01 09:30:01.013901549-04:00,2026-06-01 13:30:01.013724030+00:00,10,2,38,C,A,0,309.76,40,128,177519,50127933,309.56,309.88,134,2530,2,2,309.55,309.98,59,39,2,1,309.54,310.06,35,1300,1,1,309.5,310.1,50,5,1,1,309.3,310.17,35,30,1,1,309.22,310.19,69,300,1,1,309.2,310.2,5,1,3,1,309.15,310.24,50,1300,1,1,309.07,310.25,1,500,1,1,309.05,310.28,10,40,1,1,AAPL
2026-06-01 09:30:01.014402493-04:00,2026-06-01 13:30:01.014218955+00:00,10,2,38,A,B,0,309.59,35,128,183538,50128545,309.59,309.88,35,2530,1,2,309.56,309.98,134,39,2,1,309.55,310.06,59,1300,2,1,309.54,310.1,35,5,1,1,309.5,310.17,50,30,1,1,309.3,310.19,35,300,1,1,309.22,310.2,69,1,1,1,309.2,310.24,5,1300,3,1,309.15,310.25,50,500,1,1,309.07,310.28,1,40,1,1,AAPL
2026-06-01 09:30:01.014433563-04:00,2026-06-01 13:30:01.014257154+00:00,10,2,38,A,B,1,309.57,69,128,176409,50128587,309.59,309.88,35,2530,1,2,309.57,309.98,69,39,1,1,309.56,310.06,134,1300,2,1,309.55,310.1,59,5,2,1,309.54,310.17,35,30,1,1,309.5,310.19,50,300,1,1,309.3,310.2,35,1,1,1,309.22,310.24,69,1300,1,1,309.2,310.25,5,500,3,1,309.15,310.28,50,40,1,1,AAPL
2026-06-01 09:30:01.014452757-04:00,2026-06-01 13:30:01.014280167+00:00,10,2,38,C,B,7,309.22,69,128,172590,50128618,309.59,309.88,35,2530,1,2,309.57,309.98,69,39,1,1,309.56,310.06,134,1300,2,1,309.55,310.1,59,5,2,1,309.54,310.17,35,30,1,1,309.5,310.19,50,300,1,1,309.3,310.2,35,1,1,1,309.2,310.24,5,1300,3,1,309.15,310.25,50,500,1,1,309.07,310.28,1,40,1,1,AAPL
2026-06-01 09:30:01.014478815-04:00,2026-06-01 13:30:01.014304584+00:00,10,2,38,C,B,4,309.54,35,128,174231,50128643,309.59,309.88,35,2530,1,2,309.57,309.98,69,39,1,1,309.56,310.06,134,1300,2,1,309.55,310.1,59,5,2,1,309.5,310.17,50,30,1,1,309.3,310.19,35,300,1,1,309.2,310.2,5,1,3,1,309.15,310.24,50,1300,1,1,309.07,310.25,1,500,1,1,309.05,310.28,10,40,1,1,AAPL
2026-06-01 09:30:01.014493803-04:00,2026-06-01 13:30:01.014320623+00:00,10,2,38,A,B,0,309.6,35,128,173180,50128660,309.6,309.88,35,2530,1,2,309.59,309.98,35,39,1,1,309.57,310.06,69,1300,1,1,309.56,310.1,134,5,2,1,309.55,310.17,59,30,2,1,309.5,310.19,50,300,1,1,309.3,310.2,35,1,1,1,309.2,310.24,5,1300,3,1,309.15,310.25,50,500,1,1,309.07,310.28,1,40,1,1,AAPL
2026-06-01 09:30:01.014527466-04:00,2026-06-01 13:30:01.014352687+00:00,10,2,38,C,B,6,309.3,35,128,174779,50128703,309.6,309.88,35,2530,1,2,309.59,309.98,35,39,1,1,309.57,310.06,69,1300,1,1,309.56,310.1,134,5,2,1,309.55,310.17,59,30,2,1,309.5,310.19,50,300,1,1,309.2,310.2,5,1,3,1,309.15,310.24,50,1300,1,1,309.07,310.25,1,500,1,1,309.05,310.28,10,40,1,1,AAPL
2026-06-01 09:30:01.014566321-04:00,2026-06-01 13:30:01.014389431+00:00,10,2,38,C,B,3,309.56,69,128,176890,50128750,309.6,309.88,35,2530,1,2,309.59,309.98,35,39,1,1,309.57,310.06,69,1300,1,1,309.56,310.1,65,5,1,1,309.55,310.17,59,30,2,1,309.5,310.19,50,300,1,1,309.2,310.2,5,1,3,1,309.15,310.24,50,1300,1,1,309.07,310.25,1,500,1,1,309.05,310.28,10,40,1,1,AAPL
2026-06-01 09:30:01.014873447-04:00,2026-06-01 13:30:01.014693150+00:00,10,2,38,A,B,2,309.57,65,128,180297,50129165,309.6,309.88,35,2530,1,2,309.59,309.98,35,39,1,1,309.57,310.06,134,1300,2,1,309.56,310.1,65,5,1,1,309.55,310.17,59,30,2,1,309.5,310.19,50,300,1,1,309.2,310.2,5,1,3,1,309.15,310.24,50,1300,1,1,309.07,310.25,1,500,1,1,309.05,310.28,10,40,1,1,AAPL
2026-06-01 09:30:01.015096532-04:00,2026-06-01 13:30:01.014924497+00:00,10,2,38,C,B,3,309.56,65,128,172035,50129479,309.6,309.88,35,2530,1,2,309.59,309.98,35,39,1,1,309.57,310.06,134,1300,2,1,309.55,310.1,59,5,2,1,309.5,310.17,50,30,1,1,309.2,310.19,5,300,3,1,309.15,310.2,50,1,1,1,309.07,310.24,1,1300,1,1,309.05,310.25,10,500,1,1,309.03,310.28,320,40,4,1,AAPL
2026-06-01 09:30:01.016606062-04:00,2026-06-01 13:30:01.016436363+00:00,10,2,38,C,A,9,310.28,40,128,169699,50131002,309.6,309.88,35,2530,1,2,309.59,309.98,35,39,1,1,309.57,310.06,134,1300,2,1,309.55,310.1,59,5,2,1,309.5,310.17,50,30,1,1,309.2,310.19,5,300,3,1,309.15,310.2,50,1,1,1,309.07,310.24,1,1300,1,1,309.05,310.25,10,500,1,1,309.03,310.29,320,19,4,2,AAPL
2026-06-01 09:30:01.017002996-04:00,2026-06-01 13:30:01.016832005+00:00,10,2,38,T,N,0,309.76,1,128,170991,50131378,309.6,309.88,35,2530,1,2,309.59,309.98,35,39,1,1,309.57,310.06,134,1300,2,1,309.55,310.1,59,5,2,1,309.5,310.17,50,30,1,1,309.2,310.19,5,300,3,1,309.15,310.2,50,1,1,1,309.07,310.24,1,1300,1,1,309.05,310.25,10,500,1,1,309.03,310.29,320,19,4,2,AAPL
2026-06-01 09:30:01.017058889-04:00,2026-06-01 13:30:01.016887705+00:00,10,2,38,C,B,9,309.03,40,128,171184,50131442,309.6,309.88,35,2530,1,2,309.59,309.98,35,39,1,1,309.57,310.06,134,1300,2,1,309.55,310.1,59,5,2,1,309.5,310.17,50,30,1,1,309.2,310.19,5,300,3,1,309.15,310.2,50,1,1,1,309.07,310.24,1,1300,1,1,309.05,310.25,10,500,1,1,309.03,310.29,280,19,3,2,AAPL
2026-06-01 09:30:01.017086396-04:00,2026-06-01 13:30:01.016914359+00:00,10,2,38,C,B,9,309.03,40,128,172037,50131482,309.6,309.88,35,2530,1,2,309.59,309.98,35,39,1,1,309.57,310.06,134,1300,2,1,309.55,310.1,59,5,2,1,309.5,310.17,50,30,1,1,309.2,310.19,5,300,3,1,309.15,310.2,50,1,1,1,309.07,310.24,1,1300,1,1,309.05,310.25,10,500,1,1,309.03,310.29,240,19,2,2,AAPL
2026-06-01 09:30:01.017115145-04:00,2026-06-01 13:30:01.016946157+00:00,10,2,38,C,B,9,309.03,40,128,168988,50131521,309.6,309.88,35,2530,1,2,309.59,309.98,35,39,1,1,309.57,310.06,134,1300,2,1,309.55,310.1,59,5,2,1,309.5,310.17,50,30,1,1,309.2,310.19,5,300,3,1,309.15,310.2,50,1,1,1,309.07,310.24,1,1300,1,1,309.05,310.25,10,500,1,1,309.03,310.29,200,19,1,2,AAPL
2026-06-01 09:30:01.017319984-04:00,2026-06-01 13:30:01.017149793+00:00,10,2,38,A,B,2,309.57,100,128,170191,50131679,309.6,309.88,35,2530,1,2,309.59,309.98,35,39,1,1,309.57,310.06,234,1300,3,1,309.55,310.1,59,5,2,1,309.5,310.17,50,30,1,1,309.2,310.19,5,300,3,1,309.15,310.2,50,1,1,1,309.07,310.24,1,1300,1,1,309.05,310.25,10,500,1,1,309.03,310.29,200,19,1,2,AAPL
2026-06-01 09:30:01.017520656-04:00,2026-06-01 13:30:01.017349698+00:00,10,2,38,C,B,0,309.6,35,128,170958,50131864,309.59,309.88,35,2530,1,2,309.57,309.98,234,39,3,1,309.55,310.06,59,1300,2,1,309.5,310.1,50,5,1,1,309.2,310.17,5,30,3,1,309.15,310.19,50,300,1,1,309.07,310.2,1,1,1,1,309.05,310.24,10,1300,1,1,309.03,310.25,200,500,1,1,309.0,310.29,969,19,34,2,AAPL
